date,close,high,low,trade_count,open,volume,vwap
2020-07-27 04:00:00+00:00,323.26,323.39,320.82,4768,321.625,647693,322.48475
2020-07-28 04:00:00+00:00,321.24,323.635,320.85,4238,322.57,521475,322.427003
2020-07-29 04:00:00+00:00,325.16,325.705,322.12,4808,322.12,600377,324.227394
2020-07-30 04:00:00+00:00,323.96,324.385,319.64,4800,321.71,612074,322.353494
2020-07-31 04:00:00+00:00,326.54,326.6,321.34,7509,325.9,1135945,324.032081
2020-08-03 04:00:00+00:00,328.76,329.615,327.745,5097,328.35,576077,328.910612
2020-08-04 04:00:00+00:00,330.0,330.0,327.96,6232,328.15,658108,329.0526
2020-08-05 04:00:00+00:00,332.08,332.38,331.19,4547,331.43,505770,331.891162
2020-08-06 04:00:00+00:00,334.28,334.46,331.17,5025,331.46,637928,333.014743
2020-08-07 04:00:00+00:00,334.6,334.69,332.31,4966,333.26,646217,333.728027
2020-08-10 04:00:00+00:00,335.52,335.765,332.99,5033,335.055,503468,335.007662
2020-08-11 04:00:00+00:00,332.92,337.53,332.05,5384,336.95,765407,335.14944
2020-08-12 04:00:00+00:00,337.42,338.26,335.45,4353,335.45,751172,337.300224
2020-08-13 04:00:00+00:00,336.88,338.2,335.91,3942,336.66,495840,337.297391
2020-08-14 04:00:00+00:00,336.86,337.39,335.74,3976,336.46,397381,336.589212
2020-08-17 04:00:00+00:00,337.86,338.335,337.515,3296,337.945,379669,337.923049
2020-08-18 04:00:00+00:00,338.63,339.08,336.67,4163,338.35,624322,338.442495
2020-08-19 04:00:00+00:00,337.28,339.61,336.66,4940,339.045,957875,338.475064
2020-08-20 04:00:00+00:00,338.22,338.78,335.22,5170,335.39,557824,337.555004
2020-08-21 04:00:00+00:00,339.44,339.72,337.57,4667,337.92,560454,338.965359
2020-08-24 04:00:00+00:00,342.97,342.97,341.1,4700,342.13,551451,341.942787
2020-08-25 04:00:00+00:00,344.12,344.18,342.305,4387,343.545,597403,343.235499
2020-08-26 04:00:00+00:00,347.61,347.84,344.17,4006,344.74,538806,346.38649
2020-08-27 04:00:00+00:00,348.32,349.86,346.57,5258,348.535,828795,348.617593
2020-08-28 04:00:00+00:00,350.54,350.71,348.235,4638,349.44,538160,349.461013
2020-08-31 04:00:00+00:00,349.34,351.28,349.125,5266,350.35,745582,350.346388
2020-09-01 04:00:00+00:00,352.59,352.66,349.27,7430,350.205,839295,351.138059
2020-09-02 04:00:00+00:00,357.71,358.69,353.46,6081,354.67,896884,355.886068
2020-09-03 04:00:00+00:00,345.42,356.37,342.61,12415,355.89,2064568,347.366129
2020-09-04 04:00:00+00:00,342.61,347.76,334.9,8029,345.8,1242878,340.720139
2020-09-08 04:00:00+00:00,333.26,338.0,332.89,6860,336.67,969669,335.367561
2020-09-09 04:00:00+00:00,339.9,342.44,336.67,5124,337.61,716556,340.113816
2020-09-10 04:00:00+00:00,334.0,342.48,332.89,6086,341.83,869568,337.136589
2020-09-11 04:00:00+00:00,334.02,336.88,331.01,6291,335.8,874751,334.067433
2020-09-14 04:00:00+00:00,338.42,340.3,336.99,5290,337.56,536100,339.073123
2020-09-15 04:00:00+00:00,340.15,341.99,339.02,4334,341.28,483504,340.900312
2020-09-16 04:00:00+00:00,338.81,343.05,338.58,5017,341.6,782760,340.666201
2020-09-17 04:00:00+00:00,335.87,337.655,333.0,6499,333.57,937446,334.982683
2020-09-18 04:00:00+00:00,330.55,335.49,327.975,6429,335.38,1218861,331.270791
2020-09-21 04:00:00+00:00,327.0,327.09,321.75,8349,325.68,1175907,324.25228
2020-09-22 04:00:00+00:00,330.27,330.9,325.96,4232,328.55,548236,328.871055
2020-09-23 04:00:00+00:00,322.67,331.17,322.12,5465,330.905,773794,325.865344
2020-09-24 04:00:00+00:00,323.53,326.77,319.82,7314,321.21,999033,323.453049
2020-09-25 04:00:00+00:00,328.73,329.55,321.69,5828,322.69,744169,326.244766
2020-09-28 04:00:00+00:00,334.16,334.94,332.16,5282,333.23,677013,333.776364
2020-09-29 04:00:00+00:00,332.45,334.735,331.695,4691,333.97,558608,333.054236
2020-09-30 04:00:00+00:00,334.9,338.26,332.95,8172,333.235,1383055,335.844302
2020-10-01 04:00:00+00:00,337.08,338.74,335.04,5596,337.655,733040,336.670874
2020-10-02 04:00:00+00:00,333.82,335.885,331.21,5661,331.58,956452,334.361617
2020-10-05 04:00:00+00:00,339.72,339.95,336.07,3856,336.07,423785,338.409996
2020-10-06 04:00:00+00:00,334.92,342.155,334.42,6489,339.91,866491,337.767753
2020-10-07 04:00:00+00:00,340.72,341.63,338.1,3893,338.12,400362,340.147358
2020-10-08 04:00:00+00:00,343.74,343.83,341.86,3546,342.89,378697,343.152568
2020-10-09 04:00:00+00:00,346.84,347.345,344.905,3472,345.545,444378,346.241027
2020-10-12 04:00:00+00:00,352.37,354.01,349.18,4139,349.6,494638,352.081648
2020-10-13 04:00:00+00:00,350.18,352.35,349.1,4484,352.35,554532,350.978012
2020-10-14 04:00:00+00:00,347.88,351.91,347.14,3419,350.74,386331,349.25826
2020-10-15 04:00:00+00:00,347.46,347.98,343.15,4139,343.71,467653,345.890997
2020-10-16 04:00:00+00:00,347.32,350.675,347.19,6304,349.03,650101,348.959011
2020-10-19 04:00:00+00:00,341.96,349.29,341.105,6538,348.79,679620,344.550064
2020-10-20 04:00:00+00:00,343.38,346.87,342.72,5121,343.42,615695,344.38102
2020-10-21 04:00:00+00:00,342.72,345.61,342.41,4956,343.33,639536,343.909406
2020-10-22 04:00:00+00:00,344.635,345.2,340.67,4155,342.97,520791,343.369692
2020-10-23 04:00:00+00:00,345.65,345.97,343.21,3889,345.91,436313,344.817576
2020-10-26 04:00:00+00:00,339.45,342.98,335.66,7229,342.12,1011587,339.121113
2020-10-27 04:00:00+00:00,338.26,340.07,338.03,5279,339.755,614706,338.965638
2020-10-28 04:00:00+00:00,326.7,332.835,326.14,9835,332.1,1448249,328.864418
2020-10-29 04:00:00+00:00,329.95,333.35,325.11,6408,326.91,1101572,329.763714
2020-10-30 04:00:00+00:00,326.78,329.64,322.635,6982,328.25,1296720,324.864321
2020-11-02 05:00:00+00:00,330.22,332.3,327.25,6699,330.2,799081,329.687431
2020-11-03 05:00:00+00:00,335.97,338.24,333.25,6531,333.695,916626,336.427812
2020-11-04 05:00:00+00:00,343.46,347.905,339.62,10030,340.86,1941569,344.344313
2020-11-05 05:00:00+00:00,350.33,352.17,348.9,6406,349.275,1143648,350.540909
2020-11-06 05:00:00+00:00,350.16,351.45,347.74,5429,349.92,603084,350.030748
2020-11-09 05:00:00+00:00,354.55,364.315,354.08,7955,363.97,940070,359.921758
2020-11-10 05:00:00+00:00,354.1,355.08,350.595,6721,353.52,698359,353.534009
2020-11-11 05:00:00+00:00,356.69,357.53,355.09,4704,356.39,567428,356.282076
2020-11-12 05:00:00+00:00,353.22,356.345,351.29,5940,355.57,794840,353.323108
2020-11-13 05:00:00+00:00,357.94,358.88,354.745,5514,355.27,744824,356.894232
2020-11-16 05:00:00+00:00,362.43,362.46,359.63,6740,361.1,783943,361.209433
2020-11-17 05:00:00+00:00,360.67,361.875,358.375,5133,359.985,827448,360.234714
2020-11-18 05:00:00+00:00,356.25,361.5,356.25,6622,360.98,1026905,359.450572
2020-11-19 05:00:00+00:00,357.85,358.16,354.33,5359,355.51,965976,356.403432
2020-11-20 05:00:00+00:00,355.38,357.68,355.28,5601,357.48,844641,356.710302
2020-11-23 05:00:00+00:00,357.51,358.69,354.9,4879,357.27,732916,356.881643
2020-11-24 05:00:00+00:00,363.2,363.76,359.31,7763,360.26,1316995,362.169743
2020-11-25 05:00:00+00:00,362.63,363.16,361.51,5258,363.13,637659,362.398027
2020-11-27 05:00:00+00:00,363.7,364.165,362.59,2871,363.96,309433,363.616538
2020-11-30 05:00:00+00:00,362.32,362.965,359.2,5603,362.8,1019085,361.216138
2020-12-01 05:00:00+00:00,365.96,367.645,364.98,6447,365.56,846449,366.513813
2020-12-02 05:00:00+00:00,366.7,366.92,364.23,4291,364.82,435413,365.95981
2020-12-03 05:00:00+00:00,366.7,368.165,365.51,5101,366.69,588550,366.93114
2020-12-04 05:00:00+00:00,369.82,369.82,367.22,3890,367.31,535394,368.842084
2020-12-07 05:00:00+00:00,369.04,369.61,367.73,5190,369.035,713275,368.781437
2020-12-08 05:00:00+00:00,370.12,370.76,367.68,5511,367.69,701698,369.431329
2020-12-09 05:00:00+00:00,367.0,371.02,365.96,9572,370.89,1124314,368.114748
2020-12-10 05:00:00+00:00,366.67,367.8,364.45,5492,365.375,943872,366.77265
2020-12-11 05:00:00+00:00,366.23,366.58,363.29,5364,364.96,633441,365.093898
2020-12-14 05:00:00+00:00,364.68,369.76,364.52,5749,368.61,840050,366.932511
2020-12-15 05:00:00+00:00,369.57,369.57,365.92,5527,367.44,853271,368.096333
2020-12-16 05:00:00+00:00,370.1,371.14,368.92,4650,369.84,586993,370.114642
2020-12-17 05:00:00+00:00,372.18,372.43,371.055,7213,371.95,812657,371.833988
2020-12-18 05:00:00+00:00,369.11,371.145,367.055,10863,370.99,1382373,368.875129
2020-12-21 05:00:00+00:00,367.86,368.73,362.1,6005,364.97,779901,366.164144
2020-12-22 05:00:00+00:00,367.1,368.325,366.115,5531,368.2,969603,367.163551
2020-12-23 05:00:00+00:00,367.58,369.6,367.41,4328,368.27,500024,368.814262
2020-12-24 05:00:00+00:00,368.98,368.99,367.47,1570,368.09,170257,368.412211
2020-12-28 05:00:00+00:00,372.13,372.575,371.11,3899,371.77,298759,371.993758
2020-12-29 05:00:00+00:00,371.46,373.99,370.87,5000,373.77,720211,371.93142
2020-12-30 05:00:00+00:00,371.99,373.08,371.6,3045,372.34,410703,372.320038
2020-12-31 05:00:00+00:00,373.85,374.64,371.25,8638,371.8,1056576,373.304402
2021-01-04 05:00:00+00:00,368.86,375.43,364.87,9398,375.3,1303127,368.598424
2021-01-05 05:00:00+00:00,371.36,372.435,368.25,6890,368.27,662135,370.459697
2021-01-06 05:00:00+00:00,373.64,376.96,369.19,9120,369.52,1592371,374.370376
2021-01-07 05:00:00+00:00,378.96,379.87,375.92,6520,376.13,911285,378.444949
2021-01-08 05:00:00+00:00,381.24,381.45,377.11,5229,380.58,591705,379.93323
2021-01-11 05:00:00+00:00,378.83,380.54,377.73,6333,377.87,577420,379.035423
2021-01-12 05:00:00+00:00,378.74,379.84,376.4,5382,378.9,577676,378.702141
2021-01-13 05:00:00+00:00,379.79,380.855,377.87,5325,378.7,526284,379.733163
2021-01-14 05:00:00+00:00,378.52,381.12,378.105,4272,380.68,483295,379.685156
2021-01-15 05:00:00+00:00,375.66,377.57,373.785,6029,376.72,872509,375.958147
2021-01-19 05:00:00+00:00,378.6,379.225,376.845,5797,378.35,569045,378.378852
2021-01-20 05:00:00+00:00,383.84,384.79,380.74,6369,381.105,609604,383.232678
2021-01-21 05:00:00+00:00,384.17,384.94,383.25,4009,384.48,411993,384.296147
2021-01-22 05:00:00+00:00,382.81,384.06,381.89,6401,382.25,642368,383.167958
2021-01-25 05:00:00+00:00,384.41,384.76,378.46,5506,383.67,744617,382.37124
2021-01-26 05:00:00+00:00,383.73,385.81,383.56,5238,385.405,602355,384.427448
2021-01-27 05:00:00+00:00,374.4,380.25,372.04,14576,380.23,2605623,375.974241
2021-01-28 05:00:00+00:00,377.49,381.91,376.12,9134,376.35,1816987,379.536009
2021-01-29 05:00:00+00:00,370.01,376.59,368.38,12908,375.6,2590391,371.893243
2021-02-01 05:00:00+00:00,376.19,377.34,371.48,8228,373.81,988296,375.36953
2021-02-02 05:00:00+00:00,381.39,383.165,379.625,7187,379.64,1071995,382.131387
2021-02-03 05:00:00+00:00,381.86,383.68,380.5,6542,382.49,848653,382.500516
2021-02-04 05:00:00+00:00,386.16,386.21,382.785,7601,383.02,820106,384.798299
2021-02-05 05:00:00+00:00,387.65,388.46,386.485,7983,388.2,728912,387.600523
2021-02-08 05:00:00+00:00,390.49,390.54,388.36,7012,389.37,696140,389.417992
2021-02-09 05:00:00+00:00,390.26,390.89,389.22,9635,389.63,734096,390.316152
2021-02-10 05:00:00+00:00,390.09,392.24,387.51,8830,392.11,889354,389.928755
2021-02-11 05:00:00+00:00,390.7,391.69,388.12,5834,391.32,639771,390.193411
2021-02-12 05:00:00+00:00,392.6,392.885,389.8,6643,389.845,704724,391.511845
2021-02-16 05:00:00+00:00,392.29,394.15,391.58,7211,393.95,724095,392.905427
2021-02-17 05:00:00+00:00,392.4,392.63,389.38,5942,390.41,586564,391.068497
2021-02-18 05:00:00+00:00,390.75,391.49,387.75,7043,389.56,811480,389.975394
2021-02-19 05:00:00+00:00,390.05,392.36,389.57,8099,392.15,1035965,390.843255
2021-02-22 05:00:00+00:00,387.14,389.6,386.795,7131,387.07,979219,387.866988
2021-02-23 05:00:00+00:00,387.36,388.92,380.24,11825,384.66,1834098,385.142361
2021-02-24 05:00:00+00:00,391.76,392.21,385.285,10247,386.3,1338847,390.047602
2021-02-25 05:00:00+00:00,382.32,391.84,380.79,13078,390.46,2548620,384.949976
2021-02-26 05:00:00+00:00,380.31,385.54,378.26,11188,384.36,1722012,382.553993
2021-03-01 05:00:00+00:00,389.5,390.9,385.63,10518,385.66,1443159,388.790672
2021-03-02 05:00:00+00:00,386.5,390.01,386.0,6976,389.815,954034,388.236727
2021-03-03 05:00:00+00:00,381.43,386.83,381.315,10300,385.77,1492972,384.011774
2021-03-04 05:00:00+00:00,376.74,383.97,371.9,14604,381.21,2838147,377.847713
2021-03-05 05:00:00+00:00,383.61,384.745,372.65,11103,380.46,1970423,378.955355
2021-03-08 05:00:00+00:00,381.59,387.68,381.44,7672,384.71,954155,384.70961
2021-03-09 05:00:00+00:00,386.97,389.895,385.36,10871,385.84,1247029,388.396297
2021-03-10 05:00:00+00:00,389.51,391.33,388.2,8533,389.72,967881,389.984871
2021-03-11 05:00:00+00:00,393.55,395.62,391.75,10260,392.31,911711,393.951898
2021-03-12 05:00:00+00:00,394.0,394.2,391.21,7742,392.07,864792,392.729607
2021-03-15 04:00:00+00:00,396.485,396.68,392.045,8737,394.34,825333,394.268113
2021-03-16 04:00:00+00:00,395.98,397.83,395.085,6533,397.15,876269,396.657512
2021-03-17 04:00:00+00:00,397.28,398.11,393.38,6349,394.53,919078,395.765479
2021-03-18 04:00:00+00:00,391.49,396.69,390.92,7832,394.47,1025836,393.698038
2021-03-19 04:00:00+00:00,389.48,391.55,387.155,6228,389.89,1015729,390.094623
2021-03-22 04:00:00+00:00,392.58,394.06,390.075,5301,390.13,596841,392.509833
2021-03-23 04:00:00+00:00,389.6,393.415,388.675,7674,391.905,929124,391.137546
2021-03-24 04:00:00+00:00,387.5,392.74,387.5,8557,391.0,941797,390.403329
2021-03-25 04:00:00+00:00,389.62,390.525,383.94,7623,385.91,1147872,387.399348
2021-03-26 04:00:00+00:00,395.88,396.36,390.31,7955,390.94,994962,392.57023
2021-03-29 04:00:00+00:00,395.75,396.74,392.83,6692,394.44,947371,395.111693
2021-03-30 04:00:00+00:00,394.87,395.44,393.07,7941,394.42,865981,394.254714
2021-03-31 04:00:00+00:00,396.11,397.995,395.33,10782,395.35,1290126,396.998044
2021-04-01 04:00:00+00:00,400.54,400.665,398.23,9057,398.37,1012758,399.347833
2021-04-05 04:00:00+00:00,406.31,406.935,403.42,9520,403.55,859965,405.788408
2021-04-06 04:00:00+00:00,406.08,407.215,405.41,6666,405.76,679087,406.409386
2021-04-07 04:00:00+00:00,406.6,406.95,405.51,5572,405.94,603106,406.346834
2021-04-08 04:00:00+00:00,408.54,408.57,406.94,7033,407.92,802416,408.02479
2021-04-09 04:00:00+00:00,411.44,411.66,408.29,9123,408.39,980710,409.793572
2021-04-12 04:00:00+00:00,411.57,411.92,410.24,7144,410.88,811368,411.125529
2021-04-13 04:00:00+00:00,412.73,413.525,411.145,4939,411.52,511643,412.200916
2021-04-14 04:00:00+00:00,411.24,413.94,410.875,6313,412.83,749857,412.408549
2021-04-15 04:00:00+00:00,415.7,416.16,413.7,7051,413.73,813779,415.053623
2021-04-16 04:00:00+00:00,417.3,417.905,415.74,6484,417.23,810912,416.976317
2021-04-19 04:00:00+00:00,415.32,416.725,413.84,6656,416.24,709059,414.953205
2021-04-20 04:00:00+00:00,412.19,414.665,410.62,6980,413.91,908224,412.303845
2021-04-21 04:00:00+00:00,416.07,416.25,411.37,7497,411.5,734383,414.695619
2021-04-22 04:00:00+00:00,412.34,416.76,411.15,8795,415.88,1072524,413.765556
2021-04-23 04:00:00+00:00,416.73,418.23,412.805,8439,412.85,1237723,416.685596
2021-04-26 04:00:00+00:00,417.5,418.22,416.99,6720,417.42,814495,417.774936
2021-04-27 04:00:00+00:00,417.36,418.135,416.41,5984,417.91,580474,417.351241
2021-04-28 04:00:00+00:00,417.36,419.0,416.94,5274,417.81,657403,417.731213
2021-04-29 04:00:00+00:00,420.04,420.71,416.54,5487,420.39,775821,418.700145
2021-04-30 04:00:00+00:00,417.33,418.53,416.38,8859,417.62,848706,417.353562
2021-05-03 04:00:00+00:00,418.16,419.825,417.665,5250,419.44,569791,418.711277
2021-05-04 04:00:00+00:00,415.57,416.595,411.69,7824,416.06,1053011,413.929913
2021-05-05 04:00:00+00:00,415.72,417.62,415.0,4896,417.32,588115,416.427554
2021-05-06 04:00:00+00:00,418.99,419.21,413.68,7130,415.8,875105,416.783184
2021-05-07 04:00:00+00:00,422.06,422.81,419.2,8042,419.92,807382,421.924869
2021-05-10 04:00:00+00:00,417.96,422.63,417.82,7139,422.63,771752,420.427333
2021-05-11 04:00:00+00:00,414.22,415.25,410.1,10548,413.1,1328251,413.469334
2021-05-12 04:00:00+00:00,405.48,412.57,404.815,9646,410.99,1339452,407.700083
2021-05-13 04:00:00+00:00,410.28,412.34,407.12,10898,407.22,1297974,410.462475
2021-05-14 04:00:00+00:00,416.39,417.49,413.2,11059,413.22,1183764,415.988627
2021-05-17 04:00:00+00:00,415.46,416.38,413.41,6679,415.37,736029,414.895918
2021-05-18 04:00:00+00:00,412.04,415.99,411.81,6539,415.8,790041,414.649842
2021-05-19 04:00:00+00:00,410.99,411.02,405.34,9347,406.9,1161669,408.25663
2021-05-20 04:00:00+00:00,415.12,416.61,411.7,7625,411.79,915218,414.951182
2021-05-21 04:00:00+00:00,414.99,418.18,414.45,9620,416.93,873628,415.859064
2021-05-24 04:00:00+00:00,419.12,420.32,417.08,8108,417.4,1109738,419.432559
2021-05-25 04:00:00+00:00,418.29,420.7,417.63,6049,420.34,624553,418.720871
2021-05-26 04:00:00+00:00,419.04,419.61,417.785,6422,418.94,649183,418.863163
2021-05-27 04:00:00+00:00,419.33,420.7,419.13,8606,420.17,959890,419.762476
2021-05-28 04:00:00+00:00,420.08,421.245,419.8,7310,421.02,635828,420.632294
2021-06-01 04:00:00+00:00,419.63,422.69,419.22,6269,422.58,680862,420.42044
2021-06-02 04:00:00+00:00,420.32,421.185,419.3,6446,420.27,628822,420.130178
2021-06-03 04:00:00+00:00,418.77,419.99,416.33,6307,418.05,771761,418.634693
2021-06-04 04:00:00+00:00,422.59,422.915,420.72,10189,420.77,910318,422.119142
2021-06-07 04:00:00+00:00,422.22,422.765,421.2,9535,422.63,991984,421.83126
2021-06-08 04:00:00+00:00,422.26,423.19,420.425,5708,423.18,625795,422.171278
2021-06-09 04:00:00+00:00,421.58,423.24,421.45,4919,423.18,472970,422.417458
2021-06-10 04:00:00+00:00,423.54,424.62,421.64,5527,422.98,588662,423.599386
2021-06-11 04:00:00+00:00,424.38,424.4,422.845,5009,424.2,527131,423.593951
2021-06-14 04:00:00+00:00,425.29,425.29,423.1,6329,424.43,646111,423.723156
2021-06-15 04:00:00+00:00,424.51,425.45,423.56,6146,425.45,570633,424.364749
2021-06-16 04:00:00+00:00,422.04,424.83,419.97,7025,424.7,855307,422.345408
2021-06-17 04:00:00+00:00,422.02,423.0,419.35,10067,421.64,1092378,421.926271
2021-06-18 04:00:00+00:00,414.96,417.82,414.73,11986,417.07,1353018,416.529276
2021-06-21 04:00:00+00:00,420.76,421.05,415.965,10379,416.83,1152420,419.718198
2021-06-22 04:00:00+00:00,423.02,423.97,420.17,7159,420.86,897093,422.448429
2021-06-23 04:00:00+00:00,422.64,424.03,422.55,5632,423.19,771762,423.269164
2021-06-24 04:00:00+00:00,425.05,425.55,424.63,6833,424.87,843012,425.136066
2021-06-25 04:00:00+00:00,426.61,427.08,425.59,8939,425.9,1160440,426.314154
2021-06-28 04:00:00+00:00,427.47,427.64,425.89,7440,427.17,781623,426.78568
2021-06-29 04:00:00+00:00,427.69,428.56,427.16,6190,427.94,727546,427.792406
2021-06-30 04:00:00+00:00,428.06,428.69,427.21,7693,427.21,848270,427.978234
2021-07-01 04:00:00+00:00,430.47,430.6,428.82,9231,428.88,1015595,429.904339
2021-07-02 04:00:00+00:00,433.82,434.095,431.33,7747,431.66,860976,432.822701
2021-07-06 04:00:00+00:00,432.855,434.01,430.01,7621,433.86,820834,432.044584
2021-07-07 04:00:00+00:00,434.48,434.76,431.52,7371,433.67,881413,433.797078
2021-07-08 04:00:00+00:00,430.9,431.72,427.57,8772,428.73,1354797,429.89267
2021-07-09 04:00:00+00:00,435.59,435.79,432.35,10074,432.53,1256371,434.741452
2021-07-12 04:00:00+00:00,437.12,437.26,435.0,9845,435.42,1109626,436.667239
2021-07-13 04:00:00+00:00,435.68,437.83,435.32,8970,436.22,1100699,436.418276
2021-07-14 04:00:00+00:00,436.34,437.91,434.94,6214,437.405,958448,436.469338
2021-07-15 04:00:00+00:00,434.745,435.52,432.77,8808,434.87,1329473,434.377259
2021-07-16 04:00:00+00:00,431.37,436.06,430.92,11170,435.99,1661664,433.127495
2021-07-19 04:00:00+00:00,424.6,426.67,422.0,17353,426.19,2652205,423.634665
2021-07-20 04:00:00+00:00,431.05,432.41,424.84,16750,425.77,2078731,430.807851
2021-07-21 04:00:00+00:00,434.49,434.7,432.17,10236,432.34,1226597,433.783358
2021-07-22 04:00:00+00:00,435.51,435.7,433.695,8336,434.75,973538,434.903192
2021-07-23 04:00:00+00:00,439.74,440.3,436.84,10194,437.58,1153521,439.231325
2021-07-26 04:00:00+00:00,440.98,441.03,439.26,7047,439.3,773627,440.299073
2021-07-27 04:00:00+00:00,438.97,439.82,436.01,9198,439.8,1040709,437.832103
2021-07-28 04:00:00+00:00,438.82,440.29,437.71,6912,439.67,875428,439.019235
2021-07-29 04:00:00+00:00,440.66,441.785,439.82,7252,439.82,796963,441.070378
2021-07-30 04:00:00+00:00,438.48,440.02,437.775,9215,437.91,1095883,438.566836
2021-08-02 04:00:00+00:00,437.6,440.88,437.305,7400,440.34,1003205,438.827373
2021-08-03 04:00:00+00:00,441.24,441.24,436.115,7976,438.44,1031118,438.896281
2021-08-04 04:00:00+00:00,439.01,440.37,438.77,6654,439.76,891423,439.57729
2021-08-05 04:00:00+00:00,441.72,441.83,439.9,5944,440.27,726445,440.879733
2021-08-06 04:00:00+00:00,442.52,442.89,441.85,5492,442.11,711250,442.385661
2021-08-09 04:00:00+00:00,442.19,442.77,441.31,4965,442.46,595961,442.123836
2021-08-10 04:00:00+00:00,442.67,443.43,441.92,5564,442.63,674913,442.672425
2021-08-11 04:00:00+00:00,443.76,443.87,442.62,6508,443.75,749406,443.396523
2021-08-12 04:00:00+00:00,445.08,445.24,442.66,8126,443.61,768709,444.00567
2021-08-13 04:00:00+00:00,445.91,445.91,445.14,5670,445.61,576662,445.526551
2021-08-16 04:00:00+00:00,446.99,447.09,442.88,8164,444.54,1014355,444.834251
2021-08-17 04:00:00+00:00,444.0,444.96,440.94,8298,444.29,1293505,443.007647
2021-08-18 04:00:00+00:00,439.295,444.6,438.92,6350,442.94,1232736,442.019388
2021-08-19 04:00:00+00:00,439.96,441.115,436.12,9272,436.27,1395553,439.151671
2021-08-20 04:00:00+00:00,443.37,443.7,439.745,5930,440.24,900346,442.677823
2021-08-23 04:00:00+00:00,447.29,448.22,445.17,8032,445.17,960719,447.437806
2021-08-24 04:00:00+00:00,447.94,448.54,447.44,6905,448.0,774430,448.138798
2021-08-25 04:00:00+00:00,448.925,449.43,447.79,5174,448.17,666120,448.920009
2021-08-26 04:00:00+00:00,446.32,448.82,446.16,7332,448.63,1064115,447.243464
2021-08-27 04:00:00+00:00,450.16,450.64,447.07,7665,447.09,1141610,449.71887
2021-08-30 04:00:00+00:00,452.22,453.04,450.77,9056,450.99,757959,452.392837
2021-08-31 04:00:00+00:00,451.61,452.48,450.95,6930,452.13,916029,451.706118
2021-09-01 04:00:00+00:00,451.715,453.11,451.55,7975,452.61,926673,452.316141
2021-09-02 04:00:00+00:00,453.22,454.03,451.915,5703,453.33,761510,452.89634
2021-09-03 04:00:00+00:00,453.05,453.63,451.55,6780,452.01,794266,452.935612
2021-09-07 04:00:00+00:00,451.5,452.685,450.755,6934,452.685,832398,451.656397
2021-09-08 04:00:00+00:00,450.93,451.63,448.87,4849,450.88,694091,450.435251
2021-09-09 04:00:00+00:00,448.95,452.52,448.73,6692,450.78,996739,450.190324
2021-09-10 04:00:00+00:00,445.53,451.475,445.315,8960,451.12,1381172,447.721671
2021-09-13 04:00:00+00:00,446.58,448.86,444.11,11219,448.67,1608821,445.930387
2021-09-14 04:00:00+00:00,444.2,448.29,443.25,9214,448.18,1146914,444.937672
2021-09-15 04:00:00+00:00,447.885,448.4,443.48,10238,444.61,1510563,446.721854
2021-09-16 04:00:00+00:00,447.17,448.305,444.02,13404,447.31,1779594,446.385393
2021-09-17 04:00:00+00:00,441.39,445.355,441.025,16963,444.665,2162504,442.25376
2021-09-20 04:00:00+00:00,434.01,436.55,428.86,16823,434.88,2984272,432.630769
2021-09-21 04:00:00+00:00,433.63,437.89,433.09,7303,436.62,1247521,435.276508
2021-09-22 04:00:00+00:00,437.85,440.02,435.075,9692,436.1,1362000,438.107562
2021-09-23 04:00:00+00:00,443.1,444.875,439.66,10042,439.81,1392247,443.410652
2021-09-24 04:00:00+00:00,443.89,444.665,441.25,7602,441.35,868002,443.465496
2021-09-27 04:00:00+00:00,442.66,444.035,441.94,6685,442.63,1002093,443.051114
2021-09-28 04:00:00+00:00,433.63,439.94,433.0,14608,439.5,2517009,435.096154
2021-09-29 04:00:00+00:00,434.35,437.03,433.87,7854,435.16,1259918,435.465761
2021-09-30 04:00:00+00:00,429.06,436.755,428.95,14814,435.93,2595030,432.215507
2021-10-01 04:00:00+00:00,434.24,436.01,427.255,13889,431.02,2310457,431.824784
2021-10-04 04:00:00+00:00,428.51,433.895,426.37,15227,433.0,2759787,428.42631
2021-10-05 04:00:00+00:00,432.99,435.485,429.41,8575,430.21,1563300,433.815114
2021-10-06 04:00:00+00:00,434.9,435.105,427.545,16546,429.25,2736516,431.707295
2021-10-07 04:00:00+00:00,438.53,441.66,438.205,9335,438.36,1369868,440.129378
2021-10-08 04:00:00+00:00,437.77,439.89,437.21,8537,439.49,1316623,438.479989
2021-10-11 04:00:00+00:00,434.66,440.23,434.66,7911,437.15,1381463,437.140574
2021-10-12 04:00:00+00:00,433.65,436.08,432.8,10879,435.65,1831193,434.401321
2021-10-13 04:00:00+00:00,435.17,435.96,431.69,10984,434.74,1570296,434.043588
2021-10-14 04:00:00+00:00,442.5,442.65,438.63,11662,439.13,1702171,441.441908
2021-10-15 04:00:00+00:00,445.84,446.26,444.09,12976,444.925,1688757,445.406805
2021-10-18 04:00:00+00:00,447.21,447.54,443.27,9080,443.98,1250461,446.4267
2021-10-19 04:00:00+00:00,450.7,450.7,448.295,10119,448.91,1253397,449.869027
2021-10-20 04:00:00+00:00,452.39,452.72,451.01,9407,451.09,1065761,452.029376
2021-10-21 04:00:00+00:00,453.55,453.815,451.31,7588,451.72,961412,452.520392
2021-10-22 04:00:00+00:00,453.09,454.62,451.08,8062,453.11,1125046,453.028701
2021-10-25 04:00:00+00:00,455.49,455.89,452.4,8170,454.25,970934,454.913914
2021-10-26 04:00:00+00:00,455.95,458.49,455.59,9568,457.2,1401235,457.050615
2021-10-27 04:00:00+00:00,453.89,457.15,453.87,13008,456.44,1423600,455.660298
2021-10-28 04:00:00+00:00,458.17,458.39,455.49,9127,455.5,1078798,457.370775
2021-10-29 04:00:00+00:00,459.14,459.55,455.56,12800,455.85,1738283,458.187401
2021-11-01 04:00:00+00:00,460.07,460.69,458.22,9749,460.34,1133593,459.335457
2021-11-02 04:00:00+00:00,461.87,462.2,460.1,8247,460.27,1064404,461.540658
2021-11-03 04:00:00+00:00,464.735,465.14,460.88,9383,461.32,1133985,462.887974
2021-11-04 04:00:00+00:00,466.87,466.99,465.03,8018,465.38,1035074,466.124119
2021-11-05 04:00:00+00:00,468.56,470.63,466.93,9807,469.29,1053869,469.15758
2021-11-08 05:00:00+00:00,468.95,470.21,468.245,5354,469.75,572075,469.141974
2021-11-09 05:00:00+00:00,467.37,469.565,465.885,7731,469.54,980433,467.057042
2021-11-10 05:00:00+00:00,463.69,467.36,462.07,11644,465.56,1562659,464.470075
2021-11-11 05:00:00+00:00,463.85,465.28,463.75,5791,465.23,739921,464.449757
2021-11-12 05:00:00+00:00,467.31,467.86,464.11,6826,465.18,883752,466.409255
2021-11-15 05:00:00+00:00,467.42,468.71,466.245,9117,468.69,948862,467.276591
2021-11-16 05:00:00+00:00,469.23,470.47,467.11,9411,467.3,1161115,469.450388
2021-11-17 05:00:00+00:00,468.15,469.18,467.51,6668,469.02,875040,468.305762
2021-11-18 05:00:00+00:00,469.68,469.995,466.38,9483,469.29,1208367,468.835892
2021-11-19 05:00:00+00:00,469.0,470.9,468.51,9396,469.59,1182262,469.466771
2021-11-22 05:00:00+00:00,467.45,473.53,467.38,11155,470.88,1514257,470.796731
2021-11-23 05:00:00+00:00,468.27,469.045,464.46,12691,467.2,1724927,466.733616
2021-11-24 05:00:00+00:00,469.39,469.54,465.22,10698,466.15,1387007,468.021458
2021-11-26 05:00:00+00:00,458.91,463.885,457.82,13466,462.4,2310218,460.111683
2021-11-29 05:00:00+00:00,464.64,466.55,461.73,13379,464.07,2005303,464.510657
2021-11-30 05:00:00+00:00,456.17,463.89,455.315,20408,462.01,2483997,458.28541
2021-12-01 05:00:00+00:00,450.44,464.66,450.33,23674,461.64,3281099,458.408442
2021-12-02 05:00:00+00:00,457.32,459.06,450.36,16897,450.58,2440468,456.140592
2021-12-03 05:00:00+00:00,453.43,460.27,448.94,18527,459.18,2544503,452.173346
2021-12-06 05:00:00+00:00,458.84,460.79,453.61,18932,456.13,2296935,458.527509
2021-12-07 05:00:00+00:00,468.29,468.87,464.36,17536,464.41,2214138,467.61497
2021-12-08 05:00:00+00:00,469.53,469.995,466.86,13660,468.67,1358914,468.616759
2021-12-09 05:00:00+00:00,466.37,469.1,466.15,11529,468.13,1240904,467.812327
2021-12-10 05:00:00+00:00,470.69,470.88,466.52,10432,469.22,1279582,469.000535
2021-12-13 05:00:00+00:00,466.69,470.56,466.35,10772,470.33,1443330,467.850843
2021-12-14 05:00:00+00:00,463.38,465.74,460.26,12066,463.03,1666304,462.509142
2021-12-15 05:00:00+00:00,470.58,470.855,460.81,14755,463.48,2453008,465.497597
2021-12-16 05:00:00+00:00,466.51,472.86,464.8,17728,472.57,2398682,468.781047
2021-12-17 05:00:00+00:00,459.85,464.705,458.07,13708,461.63,1788722,461.401094
2021-12-20 05:00:00+00:00,455.09,455.4,451.15,14381,454.41,1951976,453.457515
2021-12-21 05:00:00+00:00,463.06,463.205,456.33,11587,458.73,1438023,460.723953
2021-12-22 05:00:00+00:00,467.7,467.81,462.58,9319,462.65,1186516,466.007328
2021-12-23 05:00:00+00:00,470.59,472.18,468.65,11342,468.75,1327872,471.143722
2021-12-27 05:00:00+00:00,477.31,477.31,472.02,8929,472.08,1048955,475.665634
2021-12-28 05:00:00+00:00,476.885,478.8,476.07,8876,477.72,981087,477.150826
2021-12-29 05:00:00+00:00,477.48,478.51,475.94,6824,476.97,798714,477.364139
2021-12-30 05:00:00+00:00,476.18,479.0,475.69,8227,478.05,1079839,477.834086
2021-12-31 05:00:00+00:00,474.9,476.85,474.68,8258,475.65,978337,475.793025
2022-01-03 05:00:00+00:00,477.75,477.79,473.855,9223,476.32,1096935,476.620793
2022-01-04 05:00:00+00:00,477.47,479.98,475.62,13046,479.21,1592794,477.809342
2022-01-05 05:00:00+00:00,468.5,477.96,468.3,15201,477.25,2124466,472.860785
2022-01-06 05:00:00+00:00,467.95,470.795,465.43,14238,467.83,1982217,468.582614
2022-01-07 05:00:00+00:00,465.99,469.19,464.7,7165,467.94,1237553,467.082417
2022-01-10 05:00:00+00:00,465.57,465.71,456.61,13012,462.72,2037795,460.46473
2022-01-11 05:00:00+00:00,469.75,469.85,462.07,9525,465.19,1182243,466.498184
2022-01-12 05:00:00+00:00,471.1,473.18,468.99,7772,471.625,823670,471.119006
2022-01-13 05:00:00+00:00,464.79,472.83,463.45,11706,472.33,1480043,467.538884
2022-01-14 05:00:00+00:00,464.58,465.05,459.92,10672,461.13,1526542,462.664407
2022-01-18 05:00:00+00:00,456.5,459.91,455.34,11392,459.7,1616692,457.297943
2022-01-19 05:00:00+00:00,451.83,459.59,451.465,11797,458.12,1615078,455.678498
2022-01-20 05:00:00+00:00,446.58,458.73,446.275,12206,453.67,1946911,453.392314
2022-01-21 05:00:00+00:00,438.01,448.03,437.97,20766,445.65,3155532,442.227755
2022-01-24 05:00:00+00:00,440.09,440.36,420.83,23281,432.07,3508516,429.583216
2022-01-25 05:00:00+00:00,434.49,439.71,427.21,17362,433.085,2831413,433.398967
2022-01-26 05:00:00+00:00,433.11,444.01,428.88,17705,440.945,2683341,437.128716
2022-01-27 05:00:00+00:00,431.315,441.55,429.47,14775,438.24,2283525,434.252597
2022-01-28 05:00:00+00:00,441.95,441.99,427.83,18335,432.71,2725224,435.062255
2022-01-31 05:00:00+00:00,449.815,450.28,439.86,16792,441.22,2210038,446.737264
2022-02-01 05:00:00+00:00,452.87,453.6,446.95,10030,450.7,1315722,450.737248
2022-02-02 05:00:00+00:00,457.19,458.12,453.06,9486,455.46,1506614,455.996144
2022-02-03 05:00:00+00:00,446.45,452.92,445.76,11786,450.98,1709160,449.511731
2022-02-04 05:00:00+00:00,448.75,452.77,443.87,11860,446.37,1571603,448.717618
2022-02-07 05:00:00+00:00,447.24,450.96,445.88,6199,449.51,915456,448.307541
2022-02-08 05:00:00+00:00,450.79,451.86,445.26,6678,446.76,1066565,449.110028
2022-02-09 05:00:00+00:00,457.41,457.79,455.04,9830,455.22,1363613,456.543036
2022-02-10 05:00:00+00:00,449.38,457.68,447.21,15391,451.36,2187584,452.367248
2022-02-11 05:00:00+00:00,440.42,451.54,438.97,15049,449.37,2442797,443.083946
2022-02-14 05:00:00+00:00,438.89,441.585,435.375,9547,439.96,1353964,438.801055
2022-02-15 05:00:00+00:00,445.99,446.27,443.25,8246,443.82,971379,444.992628
2022-02-16 05:00:00+00:00,446.68,447.93,441.96,7916,443.96,1044875,444.780964
2022-02-17 05:00:00+00:00,436.98,443.73,436.425,11549,443.38,1471785,439.201884
2022-02-18 05:00:00+00:00,434.27,438.64,431.87,12914,437.37,1718599,434.953883
2022-02-22 05:00:00+00:00,429.58,435.5,425.9,19168,432.05,2494412,430.289777
2022-02-23 05:00:00+00:00,422.05,433.22,421.37,15390,432.59,2181670,426.213784
2022-02-24 05:00:00+00:00,428.31,428.71,410.65,18655,411.05,2457055,418.943423
2022-02-25 05:00:00+00:00,437.65,437.815,427.935,14939,429.58,1794538,434.8271
2022-02-28 05:00:00+00:00,436.49,438.17,430.7,14592,431.99,2056557,434.146077
2022-03-01 05:00:00+00:00,429.93,437.15,427.27,15024,435.09,2051122,430.784647
2022-03-02 05:00:00+00:00,437.79,439.62,431.68,12959,432.39,1551924,436.800024
2022-03-03 05:00:00+00:00,435.75,441.085,433.86,12994,440.4,1501648,437.013564
2022-03-04 05:00:00+00:00,432.15,433.36,427.95,12817,431.75,1529061,430.525988
2022-03-07 05:00:00+00:00,419.47,431.81,419.39,17979,431.51,2501177,423.144137
2022-03-08 05:00:00+00:00,416.31,427.2,415.17,23243,419.66,3256913,420.531723
2022-03-09 05:00:00+00:00,427.45,429.5,422.86,13170,425.15,2191544,427.001325
2022-03-10 05:00:00+00:00,425.48,426.415,420.44,14122,422.55,2202301,423.515364
2022-03-11 05:00:00+00:00,420.07,428.71,419.55,13953,428.15,2088256,424.163622
2022-03-14 04:00:00+00:00,416.94,424.51,415.79,16252,420.95,2561937,418.725771
2022-03-15 04:00:00+00:00,426.17,426.835,418.44,17082,419.74,2612143,423.473798
2022-03-16 04:00:00+00:00,435.67,435.67,424.85,17525,429.89,2848672,430.902854
2022-03-17 04:00:00+00:00,441.05,441.05,433.21,13290,433.71,2107649,437.31572
2022-03-18 04:00:00+00:00,444.35,444.845,437.23,12686,438.04,1853532,441.705534
2022-03-21 04:00:00+00:00,444.39,446.46,440.69,14070,444.67,1923850,443.694638
2022-03-22 04:00:00+00:00,449.61,450.58,445.94,9920,446.0,1367707,448.7993
2022-03-23 04:00:00+00:00,443.8,448.46,443.79,12278,446.88,1533798,446.206029
2022-03-24 04:00:00+00:00,450.42,450.44,444.79,9225,445.9,1175556,447.989743
2022-03-25 04:00:00+00:00,452.65,452.96,448.45,9750,451.125,1147220,450.908962
2022-03-28 04:00:00+00:00,455.85,455.87,450.11,7327,452.09,972411,453.134985
2022-03-29 04:00:00+00:00,461.59,462.055,457.2,15815,460.04,1995564,459.782138
2022-03-30 04:00:00+00:00,458.63,461.185,456.47,9858,460.37,1142267,458.935104
2022-03-31 04:00:00+00:00,451.8,458.73,451.59,12947,458.0,1732118,455.266983
2022-04-01 04:00:00+00:00,452.93,453.43,449.19,9079,453.28,1247893,451.557765
2022-04-04 04:00:00+00:00,456.71,456.83,452.29,10175,453.07,1164303,455.374855
2022-04-05 04:00:00+00:00,451.23,457.81,449.9,12597,455.23,1793188,452.923492
2022-04-06 04:00:00+00:00,446.64,448.93,443.47,14972,446.86,2303884,446.093793
2022-04-07 04:00:00+00:00,448.71,450.66,443.57,12957,445.71,1971889,447.235095
2022-04-08 04:00:00+00:00,447.63,450.57,445.98,9504,448.1,1579934,448.195212
2022-04-11 04:00:00+00:00,440.01,445.0,439.41,12699,444.16,1942981,441.969364
2022-04-12 04:00:00+00:00,438.28,445.67,436.655,14851,443.15,2364634,439.901131
2022-04-13 04:00:00+00:00,443.33,444.06,437.91,8555,437.99,1137623,441.626772
2022-04-14 04:00:00+00:00,437.95,444.695,437.685,10007,443.58,1480474,440.328936
2022-04-18 04:00:00+00:00,438.01,439.72,435.62,9062,436.89,1239780,437.525718
2022-04-19 04:00:00+00:00,444.91,445.79,437.72,10405,437.97,1593310,443.401462
2022-04-20 04:00:00+00:00,444.71,447.56,443.505,8451,446.94,1267461,445.611319
2022-04-21 04:00:00+00:00,437.92,449.99,437.13,10728,448.65,1677539,442.879497
2022-04-22 04:00:00+00:00,426.05,437.17,425.46,14527,436.85,2520022,430.209197
2022-04-25 04:00:00+00:00,428.56,428.68,418.84,16649,423.66,2446712,423.497068
2022-04-26 04:00:00+00:00,416.09,425.99,416.07,17900,425.76,3107121,420.129453
2022-04-27 04:00:00+00:00,417.19,422.92,415.02,12372,417.23,1884990,419.067095
2022-04-28 04:00:00+00:00,427.75,429.6,417.6,18434,422.24,2901392,424.926003
2022-04-29 04:00:00+00:00,411.91,425.84,411.22,20883,423.61,3563548,416.987945
2022-05-02 04:00:00+00:00,414.6,415.87,405.07,21495,412.03,3327180,410.772375
2022-05-03 04:00:00+00:00,416.33,418.92,413.39,12302,414.99,1816807,416.189967
2022-05-04 04:00:00+00:00,429.08,429.62,413.72,19847,417.07,2997683,421.9012
2022-05-05 04:00:00+00:00,414.2,424.61,409.49,25192,424.54,4327815,414.876613
2022-05-06 04:00:00+00:00,411.55,414.755,405.73,18877,411.12,2839887,410.118394
2022-05-09 04:00:00+00:00,398.26,406.35,396.52,19257,405.1,3073074,400.834904
2022-05-10 04:00:00+00:00,399.08,406.075,394.82,23079,404.7,3043393,400.425827
2022-05-11 04:00:00+00:00,392.72,403.97,391.99,19726,398.05,2891288,397.370261
2022-05-12 04:00:00+00:00,392.39,395.73,385.16,25962,389.52,3669221,389.462012
2022-05-13 04:00:00+00:00,401.61,403.17,395.625,17694,396.8,2496868,400.258717
2022-05-16 04:00:00+00:00,400.26,403.94,397.62,12495,400.02,2126515,400.620645
2022-05-17 04:00:00+00:00,408.32,408.45,402.62,16445,406.5,2344311,406.212873
2022-05-18 04:00:00+00:00,391.94,403.78,390.55,18292,403.535,2791976,394.809069
2022-05-19 04:00:00+00:00,389.41,394.1,387.205,13874,388.61,2361296,390.392481
2022-05-20 04:00:00+00:00,389.59,393.76,380.56,20217,393.28,3193677,386.017097
2022-05-23 04:00:00+00:00,396.96,397.7,390.4,13982,392.94,1917353,395.018517
2022-05-24 04:00:00+00:00,394.04,395.15,387.06,15893,392.565,2426004,391.121589
2022-05-25 04:00:00+00:00,397.4,399.43,391.97,13248,392.31,1743436,395.923937
2022-05-26 04:00:00+00:00,405.31,407.03,398.53,17326,398.53,2200921,404.74198
2022-05-27 04:00:00+00:00,415.35,415.35,407.77,16069,407.95,2162002,412.420359
2022-05-31 04:00:00+00:00,412.96,416.45,410.03,16066,413.595,2083148,413.506475
2022-06-01 04:00:00+00:00,409.61,416.24,406.97,14427,415.14,1869336,410.760454
2022-06-02 04:00:00+00:00,417.37,417.43,407.07,16959,409.38,2054041,412.995015
2022-06-03 04:00:00+00:00,410.51,414.02,409.53,14440,412.45,1882423,411.372559
2022-06-06 04:00:00+00:00,411.69,416.58,410.57,11535,414.8,1558059,413.291479
2022-06-07 04:00:00+00:00,415.75,416.22,407.64,12173,408.06,1484530,413.096777
2022-06-08 04:00:00+00:00,411.3,415.8,410.39,13690,413.87,1624210,412.60546
2022-06-09 04:00:00+00:00,401.45,411.71,401.45,15212,409.32,1956316,406.939301
2022-06-10 04:00:00+00:00,389.76,395.75,389.76,21397,394.875,2613512,391.786326
2022-06-13 04:00:00+00:00,375.08,381.77,373.33,27577,379.89,3778833,377.175308
2022-06-14 04:00:00+00:00,373.83,377.91,370.59,15124,376.89,1984160,374.125238
2022-06-15 04:00:00+00:00,379.2,383.84,372.14,22520,377.335,3169544,378.203284
2022-06-16 04:00:00+00:00,367.08,370.925,364.12,21701,370.51,3220976,366.974029
2022-06-17 04:00:00+00:00,365.81,369.38,362.18,17580,365.47,2502209,366.535702
2022-06-21 04:00:00+00:00,375.12,376.51,371.83,14251,371.87,1585797,374.922413
2022-06-22 04:00:00+00:00,374.33,378.71,370.18,12492,370.57,1541028,375.508092
2022-06-23 04:00:00+00:00,378.23,378.815,372.9,11549,376.67,1358761,376.111462
2022-06-24 04:00:00+00:00,390.07,390.07,381.37,17140,381.44,2042323,386.993361
2022-06-27 04:00:00+00:00,388.67,391.3,387.445,11473,391.06,1379071,389.010265
2022-06-28 04:00:00+00:00,380.83,392.995,380.545,10428,390.16,1434998,385.106286
2022-06-29 04:00:00+00:00,380.43,382.25,378.45,10425,381.23,1347481,380.345342
2022-06-30 04:00:00+00:00,377.285,380.61,372.6,15745,376.29,2090833,376.926183
2022-07-01 04:00:00+00:00,381.11,381.67,373.87,10850,376.59,1365163,378.062049
2022-07-05 04:00:00+00:00,381.98,381.98,372.91,10277,376.32,1250596,376.933929
2022-07-06 04:00:00+00:00,383.31,385.84,379.61,10096,382.105,1333191,382.409573
2022-07-07 04:00:00+00:00,388.84,389.82,385.15,11328,385.16,1200997,388.097142
2022-07-08 04:00:00+00:00,388.55,390.635,385.72,9552,387.27,1023870,388.624905
2022-07-11 04:00:00+00:00,384.19,386.825,383.515,8302,385.85,1055393,384.811001
2022-07-12 04:00:00+00:00,380.9,386.11,378.995,9805,383.63,1145027,382.577723
2022-07-13 04:00:00+00:00,378.86,381.9,374.66,12060,375.18,1560393,378.812782
2022-07-14 04:00:00+00:00,377.955,378.54,371.07,10746,373.61,1449695,375.024529
2022-07-15 04:00:00+00:00,384.92,385.245,380.59,13566,382.59,1426821,383.831492
2022-07-18 04:00:00+00:00,382.02,389.08,380.68,12785,388.39,1375367,385.669711
2022-07-19 04:00:00+00:00,392.17,392.84,385.44,14349,386.18,1603480,390.176843
2022-07-20 04:00:00+00:00,394.86,396.25,391.05,12136,392.42,1373750,394.275523
2022-07-21 04:00:00+00:00,398.84,398.84,391.67,10495,394.14,1140760,395.658539
2022-07-22 04:00:00+00:00,395.13,400.17,392.76,15251,398.79,1518449,395.669502
2022-07-25 04:00:00+00:00,395.49,396.44,393.23,9590,395.84,792134,394.932006
2022-07-26 04:00:00+00:00,390.79,394.04,389.96,9717,393.72,918302,391.54146
2022-07-27 04:00:00+00:00,401.02,402.85,394.09,16652,394.47,2266143,399.299216
2022-07-28 04:00:00+00:00,405.92,406.79,398.19,15802,401.88,1633561,403.074172
2022-07-29 04:00:00+00:00,412.13,413.0,406.8,11447,407.62,1387388,411.008057
2022-08-01 04:00:00+00:00,410.77,413.39,408.4,10526,409.18,1194335,410.904579
2022-08-02 04:00:00+00:00,408.13,412.96,406.9,10183,409.13,1041460,409.730958
2022-08-03 04:00:00+00:00,414.39,415.65,410.03,9154,410.3,945100,413.530669
2022-08-04 04:00:00+00:00,414.17,415.04,412.505,6857,414.39,754368,414.105046
2022-08-05 04:00:00+00:00,413.43,414.13,409.6,8387,409.7,1001026,412.454361
2022-08-08 04:00:00+00:00,412.92,417.62,411.89,8466,415.23,997879,415.020404
2022-08-09 04:00:00+00:00,411.38,412.67,410.23,8999,412.23,904719,411.233896
2022-08-10 04:00:00+00:00,419.82,420.14,416.73,9500,418.78,1238604,419.018659
2022-08-11 04:00:00+00:00,420.02,424.94,419.24,9869,423.01,1196335,421.685895
2022-08-12 04:00:00+00:00,427.03,427.2,421.08,9460,422.04,956808,425.006946
2022-08-15 04:00:00+00:00,428.9,429.34,424.77,10780,424.82,1071259,427.860704
2022-08-16 04:00:00+00:00,429.72,431.71,426.895,9366,427.73,889212,429.314272
2022-08-17 04:00:00+00:00,426.67,429.48,424.565,7557,425.96,955055,426.717553
2022-08-18 04:00:00+00:00,427.82,428.6,425.525,8369,426.86,843759,427.102615
2022-08-19 04:00:00+00:00,422.19,425.24,421.245,10660,424.85,1311955,422.720965
2022-08-22 04:00:00+00:00,413.41,417.225,412.405,13776,417.04,1506564,414.255567
2022-08-23 04:00:00+00:00,412.3,415.405,411.78,10489,412.84,1094373,413.292157
2022-08-24 04:00:00+00:00,413.66,415.105,411.47,7857,412.03,820436,413.48442
2022-08-25 04:00:00+00:00,419.52,419.56,414.15,9083,415.22,953924,416.987578
2022-08-26 04:00:00+00:00,405.35,419.89,405.29,11450,419.46,1616118,410.451273
2022-08-29 04:00:00+00:00,402.63,405.82,401.2,13862,402.22,1459284,403.370348
2022-08-30 04:00:00+00:00,398.17,404.03,396.01,12943,403.97,1586931,398.551439
2022-08-31 04:00:00+00:00,395.11,401.21,395.05,12128,399.92,1484931,397.319771
2022-09-01 04:00:00+00:00,396.33,396.78,390.06,14485,392.84,1672423,393.038504
2022-09-02 04:00:00+00:00,392.19,401.55,390.335,17184,400.27,2121598,395.2897
2022-09-06 04:00:00+00:00,390.83,394.12,388.475,10423,393.15,1205303,391.265108
2022-09-07 04:00:00+00:00,397.82,398.55,390.3,10486,390.41,1216815,395.511435
2022-09-08 04:00:00+00:00,400.375,400.85,394.17,13754,395.34,1898322,397.965792
2022-09-09 04:00:00+00:00,406.51,407.51,402.5,11470,402.74,1405507,405.892879
2022-09-12 04:00:00+00:00,411.02,411.71,408.5,9447,408.77,1053304,410.315733
2022-09-13 04:00:00+00:00,393.03,403.1,391.93,25185,401.8,2951925,397.104671
2022-09-14 04:00:00+00:00,394.53,396.08,391.15,10473,394.44,1111740,393.751617
2022-09-15 04:00:00+00:00,390.19,395.92,388.81,12398,392.97,1620604,391.964117
2022-09-16 04:00:00+00:00,385.58,386.25,382.11,16554,384.14,1669994,384.278395
2022-09-19 04:00:00+00:00,388.515,388.52,382.18,8070,382.27,897971,386.158801
2022-09-20 04:00:00+00:00,384.22,386.01,381.21,16330,385.065,1647627,383.731321
2022-09-21 04:00:00+00:00,377.39,389.29,377.39,14649,386.12,2085917,383.588059
2022-09-22 04:00:00+00:00,374.29,377.66,373.495,12577,376.58,1288498,375.390072
2022-09-23 04:00:00+00:00,368.19,370.57,363.3,19381,370.55,2136439,366.672682
2022-09-26 04:00:00+00:00,364.33,370.19,363.05,14461,366.42,1847635,365.934073
2022-09-27 04:00:00+00:00,363.395,370.38,360.93,11332,368.01,1506076,364.595492
2022-09-28 04:00:00+00:00,370.52,372.3,362.63,15700,364.36,2006135,367.745962
2022-09-29 04:00:00+00:00,362.76,367.04,359.72,18062,366.81,2229924,362.361042
2022-09-30 04:00:00+00:00,357.21,365.82,357.11,22029,361.91,2816620,360.879748
2022-10-03 04:00:00+00:00,366.66,368.54,359.335,13864,361.04,1618750,365.424889
2022-10-04 04:00:00+00:00,377.99,377.99,372.35,12149,372.42,1487082,376.218514
2022-10-05 04:00:00+00:00,377.19,379.44,370.97,11117,373.39,1490642,374.914723
2022-10-06 04:00:00+00:00,373.19,378.68,372.68,11525,375.61,1464188,374.716403
2022-10-07 04:00:00+00:00,362.75,369.22,360.945,12057,369.0,1786980,364.259771
2022-10-10 04:00:00+00:00,360.08,364.17,357.74,9813,363.97,1239893,360.950967
2022-10-11 04:00:00+00:00,357.86,362.98,355.75,12255,358.24,1607080,358.588318
2022-10-12 04:00:00+00:00,356.52,359.8,356.33,9299,358.32,1308393,357.977097
2022-10-13 04:00:00+00:00,366.08,367.495,348.125,14960,349.21,2869450,360.169918
2022-10-14 04:00:00+00:00,357.68,370.23,356.96,11708,368.56,1802519,360.807605
2022-10-17 04:00:00+00:00,366.86,367.97,363.97,12875,364.0,1484072,366.554027
2022-10-18 04:00:00+00:00,371.19,375.41,367.56,8876,375.13,1258448,371.182659
2022-10-19 04:00:00+00:00,368.53,371.8,365.685,7220,368.33,949998,368.360341
2022-10-20 04:00:00+00:00,365.4,372.66,364.62,14731,368.02,1564765,367.768829
2022-10-21 04:00:00+00:00,374.3,374.785,363.71,12446,365.12,1582516,371.428339
2022-10-24 04:00:00+00:00,378.77,380.04,373.145,11584,375.91,1388193,377.432283
2022-10-25 04:00:00+00:00,384.83,385.235,378.78,9455,378.87,1211118,383.302879
2022-10-26 04:00:00+00:00,382.13,387.55,381.36,13128,381.62,1585903,383.552249
2022-10-27 04:00:00+00:00,380.07,384.93,379.33,14747,383.28,1493070,381.440923
2022-10-28 04:00:00+00:00,388.99,389.52,379.695,15064,379.87,1568316,386.505473
2022-10-31 04:00:00+00:00,386.22,388.38,385.34,14100,386.4,1745821,386.650703
2022-11-01 04:00:00+00:00,384.51,390.37,383.39,9738,390.145,1294546,385.762307
2022-11-02 04:00:00+00:00,375.02,388.61,374.96,15965,383.97,2467552,381.587949
2022-11-03 04:00:00+00:00,371.035,374.2,368.82,13925,371.41,1643995,371.953569
2022-11-04 04:00:00+00:00,376.14,378.75,370.06,12290,377.0,1658118,374.218854
2022-11-07 05:00:00+00:00,380.01,380.56,375.53,9820,377.83,1250909,378.471888
2022-11-08 05:00:00+00:00,381.93,385.12,377.73,12257,381.11,1721182,381.922674
2022-11-09 05:00:00+00:00,374.17,381.13,373.63,10196,379.87,1329373,377.064948
2022-11-10 05:00:00+00:00,394.485,395.035,385.67,18479,388.01,2435337,391.248462
2022-11-11 05:00:00+00:00,398.5,399.35,393.66,16030,395.65,1448532,397.109506
2022-11-14 05:00:00+00:00,394.92,400.17,394.855,8447,396.67,1002684,397.5516
2022-11-15 05:00:00+00:00,398.53,402.29,394.57,15381,401.15,1826755,398.853951
2022-11-16 05:00:00+00:00,395.51,397.68,394.88,9696,396.75,1240798,396.031552
2022-11-17 05:00:00+00:00,394.32,394.92,390.16,9648,390.48,1403944,392.277058
2022-11-18 05:00:00+00:00,396.23,397.7,393.07,9111,397.7,1175909,395.24767
2022-11-21 05:00:00+00:00,394.56,395.71,392.8,8706,394.665,897412,394.479126
2022-11-22 05:00:00+00:00,399.87,400.055,395.22,9512,396.65,990774,398.241462
2022-11-23 05:00:00+00:00,402.24,402.93,399.33,9526,399.56,1040098,401.545316
2022-11-25 05:00:00+00:00,402.26,402.89,401.575,4072,401.85,354072,402.280544
2022-11-28 05:00:00+00:00,395.9,400.78,395.125,11394,399.095,987539,397.417043
2022-11-29 05:00:00+00:00,395.325,397.26,393.35,7984,396.05,905449,395.157478
2022-11-30 05:00:00+00:00,407.45,407.53,393.575,13739,395.495,2347320,401.107713
2022-12-01 05:00:00+00:00,407.41,409.96,404.77,12108,408.79,1340246,407.406716
2022-12-02 05:00:00+00:00,406.855,407.83,402.295,10684,402.295,1198086,404.91812
2022-12-05 05:00:00+00:00,399.61,404.91,398.18,14179,403.83,1595237,400.999157
2022-12-06 05:00:00+00:00,393.93,399.99,391.665,11136,399.41,1213050,394.509073
2022-12-07 05:00:00+00:00,393.11,395.62,392.04,8569,392.83,905487,393.390365
2022-12-08 05:00:00+00:00,396.135,397.34,393.59,8642,395.05,1050916,395.848115
2022-12-09 05:00:00+00:00,393.295,397.6,393.165,9922,394.94,1051349,395.485725
2022-12-12 05:00:00+00:00,398.905,398.91,393.42,8574,394.11,986494,396.055991
2022-12-13 05:00:00+00:00,402.03,410.31,399.11,13663,410.3,1730605,403.958066
2022-12-14 05:00:00+00:00,399.39,405.36,396.33,12997,401.63,1636933,401.317328
2022-12-15 05:00:00+00:00,389.81,395.205,387.915,16718,394.33,2089252,390.052484
2022-12-16 05:00:00+00:00,383.35,386.49,381.08,14496,385.16,1699530,383.420482
2022-12-19 05:00:00+00:00,380.0,383.78,378.305,10733,383.535,979700,380.522579
2022-12-20 05:00:00+00:00,380.49,382.195,377.865,6310,379.18,612906,380.416928
2022-12-21 05:00:00+00:00,386.13,387.365,382.735,7141,383.27,705913,385.53829
2022-12-22 05:00:00+00:00,380.73,383.365,374.77,13667,383.01,1432802,378.835911
2022-12-23 05:00:00+00:00,382.75,383.04,378.06,9185,379.66,666399,381.281148
2022-12-27 05:00:00+00:00,381.335,383.075,379.67,10235,382.88,609727,381.533104
2022-12-28 05:00:00+00:00,376.69,383.33,376.51,11861,381.33,918689,378.973416
2022-12-29 05:00:00+00:00,383.37,384.34,379.12,11648,379.69,1118483,382.986937
2022-12-30 05:00:00+00:00,382.47,382.57,378.44,9571,380.66,933670,380.458101
2023-01-03 05:00:00+00:00,380.92,386.425,377.89,10605,384.33,1210981,381.028394
2023-01-04 05:00:00+00:00,383.75,385.82,380.05,12106,383.2,1313126,383.267016
2023-01-05 05:00:00+00:00,379.34,381.83,378.8,9828,381.56,1041106,380.045589
2023-01-06 05:00:00+00:00,388.01,389.24,379.56,14524,382.71,1593344,386.225243
2023-01-09 05:00:00+00:00,387.9,393.64,387.67,12268,390.375,930814,390.839381
2023-01-10 05:00:00+00:00,390.6,390.63,386.28,11158,387.21,835820,389.09566
2023-01-11 05:00:00+00:00,395.55,395.59,391.48,9867,392.38,963241,393.703735
2023-01-12 05:00:00+00:00,397.03,398.46,392.46,11479,396.74,1081572,396.199477
2023-01-13 05:00:00+00:00,398.49,399.08,393.38,11669,393.65,833579,396.839622
2023-01-17 05:00:00+00:00,397.75,400.19,397.1,10999,398.52,861542,398.235019
2023-01-18 05:00:00+00:00,391.59,400.1,391.3,13330,399.14,1636291,394.160725
2023-01-19 05:00:00+00:00,388.57,391.06,387.3,12302,389.16,1224701,389.26785
2023-01-20 05:00:00+00:00,395.89,396.03,388.42,12531,389.95,1232221,392.955109
2023-01-23 05:00:00+00:00,400.59,402.635,395.74,13319,396.82,1240802,400.077897
2023-01-24 05:00:00+00:00,400.21,401.145,397.72,9389,398.88,804302,399.839221
2023-01-25 05:00:00+00:00,400.245,400.68,393.59,13043,395.83,1223209,397.426913
2023-01-26 05:00:00+00:00,404.75,404.91,400.04,12242,403.21,1024840,402.661288
2023-01-27 05:00:00+00:00,405.68,408.145,403.485,12096,403.73,1154808,406.106561
2023-01-30 05:00:00+00:00,400.63,405.1,400.305,14100,402.745,1351155,402.20673
2023-01-31 05:00:00+00:00,406.5,406.51,400.86,11911,401.12,1102712,403.980586
2023-02-01 05:00:00+00:00,410.65,413.65,402.39,13663,405.1,1473487,407.27026
2023-02-02 05:00:00+00:00,416.73,418.27,412.89,17426,414.85,1588666,415.626643
2023-02-03 05:00:00+00:00,412.31,416.91,411.125,12938,411.55,1127556,413.604413
2023-02-06 05:00:00+00:00,409.95,411.23,408.11,9927,409.82,759146,409.958736
2023-02-07 05:00:00+00:00,415.25,416.49,407.74,12575,408.89,1295710,411.90294
2023-02-08 05:00:00+00:00,410.7,414.53,409.97,14426,413.15,1526958,411.461177
2023-02-09 05:00:00+00:00,407.15,414.55,405.89,16275,414.5,1545776,409.381942
2023-02-10 05:00:00+00:00,408.01,408.44,405.045,12146,405.94,1082160,407.003091
2023-02-13 05:00:00+00:00,412.74,412.96,408.24,10657,408.76,888501,411.688725
2023-02-14 05:00:00+00:00,412.72,415.02,408.52,11979,411.24,1157809,412.07961
2023-02-15 05:00:00+00:00,413.955,413.955,409.785,10210,410.44,821878,412.120701
2023-02-16 05:00:00+00:00,408.27,412.91,408.2,11785,408.82,1163982,410.437831
2023-02-17 05:00:00+00:00,407.255,407.49,404.075,13545,405.97,1227607,405.875165
2023-02-21 05:00:00+00:00,399.06,404.075,398.83,15519,403.1,1516566,400.429589
2023-02-22 05:00:00+00:00,398.53,401.13,397.03,12056,399.51,1170602,398.916009
2023-02-23 05:00:00+00:00,400.6,402.2,396.29,11958,401.53,1399412,399.524615
2023-02-24 05:00:00+00:00,396.44,397.235,393.69,12701,395.4,1237939,395.431669
2023-02-27 05:00:00+00:00,397.695,401.21,396.77,9968,399.92,874279,398.738538
2023-02-28 05:00:00+00:00,396.26,399.23,396.26,11621,397.29,1008867,397.667413
2023-03-01 05:00:00+00:00,394.715,396.675,393.4,10160,395.38,1054008,394.974195
2023-03-02 05:00:00+00:00,397.83,398.685,392.37,14689,392.69,1345473,395.396432
2023-03-03 05:00:00+00:00,404.175,404.415,399.035,12460,399.71,1236338,402.53941
2023-03-06 05:00:00+00:00,404.45,407.44,404.03,10766,405.13,1000217,405.55069
2023-03-07 05:00:00+00:00,398.29,404.65,397.625,14966,404.415,1385511,399.975906
2023-03-08 05:00:00+00:00,398.87,399.7,396.62,11698,398.41,1166923,398.064224
2023-03-09 05:00:00+00:00,391.65,401.46,390.535,19689,399.74,1863803,395.39108
2023-03-10 05:00:00+00:00,385.885,393.14,384.34,25055,390.98,2663479,387.799602
2023-03-13 04:00:00+00:00,385.33,390.32,380.69,24736,381.78,2716899,386.288359
2023-03-14 04:00:00+00:00,391.68,393.41,387.06,25291,390.49,2748577,390.540554
2023-03-15 04:00:00+00:00,389.29,389.41,383.74,22171,385.72,2281311,386.791871
2023-03-16 04:00:00+00:00,396.03,396.43,386.3,17071,386.99,1918071,392.903062
2023-03-17 04:00:00+00:00,390.12,394.29,388.555,15988,393.2,1802218,390.745141
2023-03-20 04:00:00+00:00,393.58,394.15,390.11,16081,390.82,1518151,392.599416
2023-03-21 04:00:00+00:00,398.88,399.4,395.59,15047,397.26,1626744,397.370585
2023-03-22 04:00:00+00:00,392.19,402.48,392.12,15557,398.735,1863383,398.589297
2023-03-23 04:00:00+00:00,393.29,399.275,390.41,16149,395.08,1692167,395.214528
2023-03-24 04:00:00+00:00,395.7,395.83,389.4,14095,391.81,1347657,393.051091
2023-03-27 04:00:00+00:00,396.42,398.87,395.56,14312,398.13,1319918,397.006521
2023-03-28 04:00:00+00:00,395.695,396.44,393.7,10882,395.74,984276,395.1408
2023-03-29 04:00:00+00:00,401.33,401.595,398.73,16182,399.93,1505353,400.181346
2023-03-30 04:00:00+00:00,403.63,404.34,401.76,13852,404.06,1340759,403.184536
2023-03-31 04:00:00+00:00,409.37,409.67,404.6,14776,404.68,1675630,407.083473
2023-04-03 04:00:00+00:00,411.01,411.37,408.45,14401,408.87,1488912,409.965041
2023-04-04 04:00:00+00:00,408.7,411.92,407.26,14901,411.61,1683185,409.107836
2023-04-05 04:00:00+00:00,407.63,408.61,405.9,13497,407.88,1219176,407.218859
2023-04-06 04:00:00+00:00,409.22,409.47,405.69,14965,406.77,1496736,408.131202
2023-04-10 04:00:00+00:00,409.68,409.68,405.985,13008,406.6,1217743,407.791367
2023-04-11 04:00:00+00:00,409.695,411.16,408.95,11292,410.12,1023249,410.108206
2023-04-12 04:00:00+00:00,408.04,412.16,407.45,13181,411.92,1275272,409.74144
2023-04-13 04:00:00+00:00,413.4,413.835,408.72,15579,409.21,1685404,411.87296
2023-04-14 04:00:00+00:00,412.495,415.09,410.085,12242,412.85,1199080,412.12306
2023-04-17 04:00:00+00:00,413.94,413.94,411.095,10876,412.38,1127392,412.548882
2023-04-18 04:00:00+00:00,414.215,415.72,412.79,15494,415.63,1267974,414.065129
2023-04-19 04:00:00+00:00,414.26,415.06,412.21,11245,412.21,1075031,413.630891
2023-04-20 04:00:00+00:00,411.835,413.69,410.27,11444,411.18,1364870,411.889081
2023-04-21 04:00:00+00:00,412.16,412.66,410.24,10150,412.11,937587,411.793184
2023-04-24 04:00:00+00:00,412.63,413.05,410.62,9286,411.98,1002044,412.034816
2023-04-25 04:00:00+00:00,406.12,411.14,406.04,15209,410.57,1599541,408.005868
2023-04-26 04:00:00+00:00,404.37,407.83,403.785,16644,406.75,1650310,405.638654
2023-04-27 04:00:00+00:00,412.38,412.675,406.75,17076,406.99,1994345,410.198466
2023-04-28 04:00:00+00:00,415.9,415.925,411.47,14287,411.48,1694498,414.446493
2023-05-01 04:00:00+00:00,415.56,417.6,415.275,11265,415.48,1060641,416.236188
2023-05-02 04:00:00+00:00,410.825,414.8,407.82,15259,414.79,1700866,410.556187
2023-05-03 04:00:00+00:00,407.96,413.84,407.79,10326,411.38,1080213,410.865958
2023-05-04 04:00:00+00:00,404.965,407.165,403.75,14807,406.92,1700198,405.358252
2023-05-05 04:00:00+00:00,412.68,413.7,408.65,13933,408.76,1547470,411.581136
2023-05-08 04:00:00+00:00,412.8,413.22,411.285,9992,412.96,926139,412.503606
2023-05-09 04:00:00+00:00,410.94,412.07,410.72,9476,411.15,842492,411.324893
2023-05-10 04:00:00+00:00,412.68,414.51,408.88,13850,413.88,1426892,411.907208
2023-05-11 04:00:00+00:00,412.08,412.39,409.97,8951,411.965,988495,411.265833
2023-05-12 04:00:00+00:00,411.61,413.63,409.11,8713,413.43,999381,410.89378
2023-05-15 04:00:00+00:00,413.02,413.39,410.26,8458,412.27,813583,412.01462
2023-05-16 04:00:00+00:00,410.28,412.78,410.25,9289,411.85,1008235,411.489139
2023-05-17 04:00:00+00:00,415.14,415.84,410.65,12506,412.34,1343616,414.033074
2023-05-18 04:00:00+00:00,419.215,419.66,414.7,10871,414.96,1147069,417.201271
2023-05-19 04:00:00+00:00,418.58,420.71,417.355,10308,420.2,1158018,418.946408
2023-05-22 04:00:00+00:00,418.77,420.37,417.37,8576,418.8,925017,419.142206
2023-05-23 04:00:00+00:00,414.135,418.06,413.685,11175,417.09,1111986,415.815852
2023-05-24 04:00:00+00:00,410.985,412.78,409.895,11157,412.41,1204304,411.029899
2023-05-25 04:00:00+00:00,414.62,416.07,412.43,12651,414.74,1534315,414.224823
2023-05-26 04:00:00+00:00,419.96,420.76,415.28,14236,415.33,1594225,419.298841
2023-05-30 04:00:00+00:00,420.135,422.575,418.76,10500,422.03,1165756,420.553836
2023-05-31 04:00:00+00:00,417.86,419.19,416.23,12847,418.26,1585308,417.69383
2023-06-01 04:00:00+00:00,421.79,422.92,416.855,12564,418.205,1280781,420.701257
2023-06-02 04:00:00+00:00,427.735,428.73,423.98,14856,424.58,1485046,427.233539
2023-06-05 04:00:00+00:00,427.1,429.67,426.38,9298,428.22,1042292,428.071805
2023-06-06 04:00:00+00:00,428.03,428.56,426.035,11370,426.67,1132909,427.532158
2023-06-07 04:00:00+00:00,426.57,429.6,426.13,12433,428.46,1513065,427.338988
2023-06-08 04:00:00+00:00,429.17,429.57,425.855,9324,426.565,959745,428.280706
2023-06-09 04:00:00+00:00,429.99,431.99,428.885,8933,430.08,980638,430.383353
2023-06-12 04:00:00+00:00,433.82,433.855,430.17,8910,430.925,872286,431.996146
2023-06-13 04:00:00+00:00,436.67,437.32,434.68,12166,435.41,1434752,436.356502
2023-06-14 04:00:00+00:00,437.14,439.03,433.655,9237,437.1,1154840,436.623495
2023-06-15 04:00:00+00:00,442.59,443.88,436.28,13512,436.38,1762275,441.098083
2023-06-16 04:00:00+00:00,439.28,443.11,438.98,10110,443.11,1108906,440.942685
2023-06-20 04:00:00+00:00,437.24,438.36,435.03,11064,437.43,1191787,436.994298
2023-06-21 04:00:00+00:00,434.85,436.97,434.37,8745,436.2,1178565,435.464099
2023-06-22 04:00:00+00:00,436.57,436.62,433.64,8750,433.99,870482,435.301569
2023-06-23 04:00:00+00:00,433.16,435.05,432.5,10825,432.96,1161180,433.523681
2023-06-26 04:00:00+00:00,431.4,434.55,431.205,9720,432.64,1025359,432.646608
2023-06-27 04:00:00+00:00,436.14,436.8,431.915,10174,432.39,1114166,435.119355
2023-06-28 04:00:00+00:00,436.34,437.42,434.41,8053,435.09,934658,435.614623
2023-06-29 04:00:00+00:00,438.14,438.265,435.62,8443,435.94,762559,437.300117
2023-06-30 04:00:00+00:00,443.22,444.22,441.18,8831,441.44,1112022,443.22616
2023-07-03 04:00:00+00:00,443.89,444.07,442.65,5051,442.94,370605,443.60843
2023-07-05 04:00:00+00:00,443.14,443.87,441.91,7625,441.93,673063,443.295883
2023-07-06 04:00:00+00:00,439.69,440.07,437.07,10275,439.39,1061407,438.643062
2023-07-07 04:00:00+00:00,438.52,442.64,438.305,10432,438.63,1211901,440.61638
2023-07-10 04:00:00+00:00,439.65,439.825,437.59,8434,438.19,906011,438.896857
2023-07-11 04:00:00+00:00,442.5,442.94,439.45,9722,440.455,759246,441.19109
2023-07-12 04:00:00+00:00,446.0,447.465,444.91,9239,446.42,1025074,446.24143
2023-07-13 04:00:00+00:00,449.61,450.375,447.485,10976,447.895,1121925,448.919647
2023-07-14 04:00:00+00:00,449.33,451.35,448.58,8850,450.6,827887,449.872285
2023-07-17 04:00:00+00:00,450.86,451.92,449.13,7166,449.13,757125,450.597287
2023-07-18 04:00:00+00:00,454.22,454.845,450.1,10919,450.53,1195584,453.156001
2023-07-19 04:00:00+00:00,455.05,456.425,454.4,9248,455.22,911992,455.48622
2023-07-20 04:00:00+00:00,452.26,455.08,451.46,10436,454.16,1078576,453.319007
2023-07-21 04:00:00+00:00,452.2,454.14,452.18,9567,453.93,912338,453.063994
2023-07-24 04:00:00+00:00,454.19,455.01,452.75,7914,453.38,745375,454.081123
2023-07-25 04:00:00+00:00,455.36,456.71,453.915,9710,453.95,790450,455.472826
2023-07-26 04:00:00+00:00,455.505,456.9,453.41,9096,454.5,916421,454.815909
2023-07-27 04:00:00+00:00,452.5,459.44,451.58,12615,459.08,1436841,455.623687
2023-07-28 04:00:00+00:00,456.91,457.78,455.12,12408,455.775,1279542,456.697435
2023-07-31 04:00:00+00:00,457.81,458.11,456.07,9342,457.41,818144,457.03461
2023-08-01 04:00:00+00:00,456.44,457.19,455.505,11207,456.32,1033910,456.395853
2023-08-02 04:00:00+00:00,450.16,453.495,449.36,13400,453.25,1435967,451.139416
2023-08-03 04:00:00+00:00,448.88,450.79,447.395,10522,448.115,982821,449.168675
2023-08-04 04:00:00+00:00,446.79,452.885,446.285,14064,450.705,1653131,449.554333
2023-08-07 04:00:00+00:00,450.68,450.86,448.01,9516,448.69,931786,449.594488
2023-08-08 04:00:00+00:00,448.86,449.225,445.3,10254,448.03,977244,447.077591
2023-08-09 04:00:00+00:00,445.74,449.16,444.96,10926,449.03,1094151,447.056642
2023-08-10 04:00:00+00:00,445.88,451.67,444.73,11506,448.195,1315971,447.750215
2023-08-11 04:00:00+00:00,445.36,446.67,443.455,9780,443.96,936311,445.226033
2023-08-14 04:00:00+00:00,448.1,448.1,444.385,7897,444.8,790707,446.707396
2023-08-15 04:00:00+00:00,442.93,446.605,442.32,10470,446.29,1083858,443.918672
2023-08-16 04:00:00+00:00,439.62,444.17,439.54,10289,442.47,1044477,441.566912
2023-08-17 04:00:00+00:00,436.26,441.375,435.75,11122,441.1,1138844,438.440146
2023-08-18 04:00:00+00:00,436.39,437.55,433.07,10567,433.27,1189686,435.563327
2023-08-21 04:00:00+00:00,439.32,440.105,435.33,10116,437.51,1178587,438.113517
2023-08-22 04:00:00+00:00,438.11,441.12,437.6,7034,441.115,700106,438.889517
2023-08-23 04:00:00+00:00,442.98,443.63,439.11,8727,439.25,931675,442.219752
2023-08-24 04:00:00+00:00,436.92,445.2,436.855,11310,444.85,1448843,439.766925
2023-08-25 04:00:00+00:00,439.98,441.26,435.01,10571,438.6,1182497,438.644132
2023-08-28 04:00:00+00:00,442.78,443.375,440.875,8401,442.32,849212,442.087239
2023-08-29 04:00:00+00:00,449.19,449.43,442.485,11948,442.705,1488379,447.61562
2023-08-30 04:00:00+00:00,450.96,451.66,448.81,10163,449.51,1136740,450.727992
2023-08-31 04:00:00+00:00,450.2,452.82,450.18,13603,451.65,1232403,451.46731
2023-09-01 04:00:00+00:00,451.18,453.66,449.69,7458,453.17,802509,451.103329
2023-09-05 04:00:00+00:00,449.26,451.045,449.185,11809,450.68,1242430,450.023428
2023-09-06 04:00:00+00:00,446.24,448.49,443.825,13513,448.43,1609327,445.78515
2023-09-07 04:00:00+00:00,444.88,445.52,442.76,11555,443.06,1269234,444.462808
2023-09-08 04:00:00+00:00,445.58,447.1,444.53,10336,444.89,1079293,445.749096
2023-09-11 04:00:00+00:00,448.54,448.77,446.5,11023,448.29,1062788,447.839963
2023-09-12 04:00:00+00:00,446.01,448.46,445.39,11354,446.91,1282523,446.681657
2023-09-13 04:00:00+00:00,446.46,447.68,445.08,9198,446.1,1021666,446.583817
2023-09-14 04:00:00+00:00,450.4,451.06,447.72,11776,449.08,1294030,449.895849
2023-09-15 04:00:00+00:00,443.305,447.42,443.02,16601,447.245,2127873,444.438466
2023-09-18 04:00:00+00:00,443.63,444.965,442.57,9194,443.04,934550,443.811236
2023-09-19 04:00:00+00:00,442.62,443.22,439.97,9669,442.78,1070394,441.737185
2023-09-20 04:00:00+00:00,438.52,444.435,438.43,9653,443.98,1090190,441.833555
2023-09-21 04:00:00+00:00,431.3,435.94,431.25,16036,435.71,1755895,433.639006
2023-09-22 04:00:00+00:00,430.28,434.06,430.01,10779,432.48,1192890,432.049879
2023-09-25 04:00:00+00:00,432.23,432.25,428.745,8558,429.13,838426,430.810377
2023-09-26 04:00:00+00:00,425.84,429.81,425.035,13565,429.1,1533865,426.812144
2023-09-27 04:00:00+00:00,425.925,427.615,422.31,12754,427.08,1627458,425.23102
2023-09-28 04:00:00+00:00,428.51,430.24,424.87,12142,425.56,1218814,428.133518
2023-09-29 04:00:00+00:00,427.3,431.82,425.94,13393,431.69,1853531,428.140328
2023-10-02 04:00:00+00:00,427.36,428.58,424.49,11713,426.6,1136854,426.305926
2023-10-03 04:00:00+00:00,421.68,426.635,420.2,11914,425.2,1419038,421.965246
2023-10-04 04:00:00+00:00,424.705,425.405,420.57,11514,422.07,1386577,423.065792
2023-10-05 04:00:00+00:00,424.31,425.37,421.21,8313,424.42,1030251,423.543613
2023-10-06 04:00:00+00:00,429.44,431.11,420.6,12251,422.165,1659220,427.33989
2023-10-09 04:00:00+00:00,432.24,432.86,427.04,8216,427.49,899989,430.253701
2023-10-10 04:00:00+00:00,434.47,437.205,432.53,11512,433.02,1484259,435.101267
2023-10-11 04:00:00+00:00,436.33,436.57,433.18,8299,435.68,871580,435.093217
2023-10-12 04:00:00+00:00,433.68,437.32,431.24,9888,436.86,1368679,433.86534
2023-10-13 04:00:00+00:00,431.625,436.39,429.9,11067,435.26,1607990,432.037295
2023-10-16 04:00:00+00:00,436.04,437.115,433.57,11167,433.81,1328669,435.895098
2023-10-17 04:00:00+00:00,436.11,438.13,432.48,9477,432.77,1203633,435.462772
2023-10-18 04:00:00+00:00,430.24,435.115,429.09,10500,434.05,1357315,431.83497
2023-10-19 04:00:00+00:00,426.43,432.82,425.74,11176,430.89,1559608,428.887113
2023-10-20 04:00:00+00:00,421.25,426.48,421.08,13239,425.89,1939948,422.832077
2023-10-23 04:00:00+00:00,420.52,424.45,417.82,12379,419.54,1325831,421.528992
2023-10-24 04:00:00+00:00,423.56,424.81,420.74,9569,422.69,1114518,423.173975
2023-10-25 04:00:00+00:00,417.62,421.91,417.03,13261,421.91,1306827,418.898728
2023-10-26 04:00:00+00:00,412.6,417.29,411.71,14677,416.46,2260803,414.124279
2023-10-27 04:00:00+00:00,410.76,414.57,409.24,14357,414.385,1810349,411.014556
2023-10-30 04:00:00+00:00,415.64,416.67,412.27,12576,413.56,1450213,415.021173
2023-10-31 04:00:00+00:00,418.18,418.5,414.21,11854,416.17,1403280,417.191216
2023-11-01 04:00:00+00:00,422.66,423.485,418.68,12851,419.285,1521992,421.096835
2023-11-02 04:00:00+00:00,430.69,430.91,426.6,13935,426.6,1370443,429.459299
2023-11-03 04:00:00+00:00,434.72,436.29,433.11,12916,433.135,1452655,434.990001
2023-11-06 05:00:00+00:00,435.69,436.14,433.71,11269,435.48,1260585,435.081134
2023-11-07 05:00:00+00:00,436.89,437.58,434.51,12015,435.66,1139427,436.701652
2023-11-08 05:00:00+00:00,437.43,438.09,434.895,8956,437.5,938576,436.891127
2023-11-09 05:00:00+00:00,433.88,438.47,433.41,10247,438.38,1103998,435.52617
2023-11-10 05:00:00+00:00,440.72,440.92,434.45,13075,435.99,1796559,438.805045
2023-11-13 05:00:00+00:00,440.17,441.325,438.445,10945,439.21,1119503,440.144564
2023-11-14 05:00:00+00:00,448.66,450.05,446.13,16730,446.35,2091007,448.787494
2023-11-15 05:00:00+00:00,449.69,451.38,448.82,12462,450.28,1593220,450.112512
2023-11-16 05:00:00+00:00,450.25,450.51,448.18,11304,449.225,1360772,449.565408
2023-11-17 05:00:00+00:00,450.74,451.395,449.31,11727,450.23,1080958,450.510449
2023-11-20 05:00:00+00:00,454.26,455.1,450.57,13164,450.63,1608190,453.504205
2023-11-21 05:00:00+00:00,453.28,453.62,451.97,10378,453.235,1105748,452.979556
2023-11-22 05:00:00+00:00,455.0,456.33,453.93,10451,454.995,1146131,455.100041
2023-11-24 05:00:00+00:00,455.26,455.42,454.75,4648,455.08,425092,455.058479
2023-11-27 05:00:00+00:00,454.515,455.49,454.09,10289,454.69,1009412,454.805868
2023-11-28 05:00:00+00:00,454.87,456.26,453.51,10655,454.02,1065276,454.804314
2023-11-29 05:00:00+00:00,454.66,458.31,454.21,11918,457.13,1583960,455.690664
2023-11-30 05:00:00+00:00,456.28,456.75,453.385,12099,455.45,1601972,455.132518
2023-12-01 05:00:00+00:00,458.99,459.63,455.16,15054,455.68,1728551,458.077678
2023-12-04 05:00:00+00:00,456.59,456.93,454.395,14037,455.54,1613164,455.865875
2023-12-05 05:00:00+00:00,456.58,457.57,454.88,12248,455.22,1533281,456.277631
2023-12-06 05:00:00+00:00,454.74,458.82,454.365,12014,458.76,1492618,456.172466
2023-12-07 05:00:00+00:00,458.21,458.88,456.315,12784,456.91,1573965,457.923397
2023-12-08 05:00:00+00:00,460.15,460.72,457.23,11843,457.47,1645376,459.592113
2023-12-11 05:00:00+00:00,461.96,462.16,459.47,16330,459.69,1726740,461.081383
2023-12-12 05:00:00+00:00,464.2,464.2,460.61,15268,461.57,1549133,462.968992
2023-12-13 05:00:00+00:00,470.54,470.72,464.12,17564,464.45,2119988,466.977095
2023-12-14 05:00:00+00:00,472.03,473.72,469.28,18405,472.555,2630046,471.74975
2023-12-15 05:00:00+00:00,469.35,470.66,468.44,18469,469.41,2678285,469.453814
2023-12-18 05:00:00+00:00,472.01,472.94,470.8,14960,470.95,1626415,472.053507
2023-12-19 05:00:00+00:00,474.78,474.91,472.475,12416,472.5,1262970,473.972145
2023-12-20 05:00:00+00:00,468.06,475.89,467.84,16121,473.89,2056789,472.315741
2023-12-21 05:00:00+00:00,472.68,472.97,468.86,13830,471.32,1759812,471.38627
2023-12-22 05:00:00+00:00,473.67,475.37,471.73,13466,473.9,1441165,474.080479
2023-12-26 05:00:00+00:00,475.63,476.52,474.0,9359,474.08,1050923,475.346779
2023-12-27 05:00:00+00:00,476.56,476.65,474.95,9744,475.49,1045120,475.720529
2023-12-28 05:00:00+00:00,476.71,477.515,476.26,8420,476.885,1105732,476.814441
2023-12-29 05:00:00+00:00,475.36,477.01,473.35,24253,476.43,4791892,475.34254
2024-01-02 05:00:00+00:00,472.66,473.64,470.49,13820,472.15,1982936,471.923656
2024-01-03 05:00:00+00:00,468.76,471.175,468.17,12822,470.46,1590343,469.656446
2024-01-04 05:00:00+00:00,467.34,470.95,467.05,12702,468.21,1800797,468.547952
2024-01-05 05:00:00+00:00,467.86,470.41,466.46,10476,467.345,1412989,468.213059
2024-01-08 05:00:00+00:00,474.53,474.74,468.38,13401,468.49,1804664,472.231418
2024-01-09 05:00:00+00:00,473.85,474.895,471.38,9560,471.94,1027653,473.366237
2024-01-10 05:00:00+00:00,476.52,477.44,473.87,11180,474.17,1072022,475.697013
2024-01-11 05:00:00+00:00,476.37,478.08,472.27,9515,477.55,1203593,475.348363
2024-01-12 05:00:00+00:00,476.65,478.58,475.24,10992,477.8,1035875,476.572278
2024-01-16 05:00:00+00:00,474.85,476.6,473.075,12034,475.28,1880438,474.418555
2024-01-17 05:00:00+00:00,472.28,472.78,469.875,12010,471.81,1228548,471.609031
2024-01-18 05:00:00+00:00,476.5,477.02,472.43,11641,474.11,1253996,474.766018
2024-01-19 05:00:00+00:00,482.48,482.69,476.96,11654,477.63,1259826,480.405273
2024-01-22 05:00:00+00:00,483.45,485.22,482.825,10771,484.005,1009769,483.975159
2024-01-23 05:00:00+00:00,484.82,485.1,482.905,8772,484.02,912754,484.055171
2024-01-24 05:00:00+00:00,485.42,488.77,485.02,10679,487.81,1099865,487.037387
2024-01-25 05:00:00+00:00,488.02,488.295,485.39,10308,487.48,1336392,487.192415
2024-01-26 05:00:00+00:00,487.47,489.11,486.61,10134,487.535,966297,487.743216
2024-01-29 05:00:00+00:00,491.25,491.41,487.17,10629,487.7,933376,489.004238
2024-01-30 05:00:00+00:00,490.9,491.59,490.14,10725,490.67,856429,490.937553
2024-01-31 05:00:00+00:00,482.955,489.08,482.955,13612,488.44,1912371,485.740471
2024-02-01 05:00:00+00:00,489.22,489.22,483.8,12764,484.73,1648140,487.202054
2024-02-02 05:00:00+00:00,494.29,496.04,489.34,11890,489.66,1267077,493.143008
2024-02-05 05:00:00+00:00,492.555,494.12,490.32,11029,493.69,1002851,492.561184
2024-02-06 05:00:00+00:00,493.99,494.315,492.08,7965,493.52,779463,493.008892
2024-02-07 05:00:00+00:00,498.03,498.53,495.38,11049,496.275,1233471,497.493948
2024-02-08 05:00:00+00:00,498.47,498.69,497.31,9408,498.16,860289,498.030255
2024-02-09 05:00:00+00:00,501.09,501.65,498.53,11752,498.85,1113952,500.339487
2024-02-12 05:00:00+00:00,500.99,503.49,500.24,10162,501.23,965643,501.736965
2024-02-13 05:00:00+00:00,494.16,495.85,490.715,18604,494.335,2319364,493.068918
2024-02-14 05:00:00+00:00,498.62,499.065,494.425,11849,496.78,1543742,496.99965
2024-02-15 05:00:00+00:00,501.97,502.19,498.8,11695,499.3,1003136,500.787537
2024-02-16 05:00:00+00:00,499.57,502.85,498.98,10356,501.715,1077734,500.984264
2024-02-20 05:00:00+00:00,496.745,498.36,494.5,12279,497.735,1354728,496.149154
2024-02-21 05:00:00+00:00,497.24,497.37,493.57,8690,495.355,879558,495.322389
2024-02-22 05:00:00+00:00,507.48,508.485,503.02,15324,504.02,1707191,506.67913
2024-02-23 05:00:00+00:00,507.82,510.1,507.1,11848,509.26,1162330,508.576856
2024-02-26 05:00:00+00:00,505.86,508.73,505.86,9768,508.29,871019,507.143258
2024-02-27 05:00:00+00:00,506.95,507.15,504.86,9674,506.7,661238,506.090328
2024-02-28 05:00:00+00:00,506.13,506.855,504.98,10265,505.355,1070216,505.945362
2024-02-29 05:00:00+00:00,508.15,509.74,505.405,10485,508.065,1115835,508.004602
2024-03-01 05:00:00+00:00,512.93,513.27,508.6,13950,508.975,1239371,511.677205
2024-03-04 05:00:00+00:00,512.34,514.17,512.0,10602,512.19,1196469,512.744439
2024-03-05 05:00:00+00:00,507.12,510.7,504.92,11822,510.225,1569486,506.85853
2024-03-06 05:00:00+00:00,509.73,512.05,508.47,9433,510.64,815242,510.243585
2024-03-07 05:00:00+00:00,515.12,515.86,512.27,8943,513.14,757973,514.611056
2024-03-08 05:00:00+00:00,511.72,518.18,511.135,9180,515.51,1006823,513.999052
2024-03-11 04:00:00+00:00,511.26,511.83,508.53,8206,510.395,700316,510.514721
2024-03-12 04:00:00+00:00,516.77,517.37,510.865,10154,513.43,1093781,515.379252
2024-03-13 04:00:00+00:00,515.97,517.26,514.52,8836,517.04,703671,516.248633
2024-03-14 04:00:00+00:00,514.86,517.12,511.82,12165,516.96,1294366,513.906806
2024-03-15 04:00:00+00:00,509.83,511.665,508.37,11648,510.07,943977,509.784482
2024-03-18 04:00:00+00:00,512.9,515.43,512.45,9890,513.26,933941,513.837567
2024-03-19 04:00:00+00:00,515.79,515.98,511.16,9337,512.155,698881,513.957344
2024-03-20 04:00:00+00:00,520.52,520.565,515.13,11155,515.765,986352,517.805663
2024-03-21 04:00:00+00:00,522.08,524.1,521.94,12586,523.49,817329,523.132588
2024-03-22 04:00:00+00:00,521.4,522.59,520.98,11258,522.14,736691,521.833956
2024-03-25 04:00:00+00:00,519.88,520.93,519.63,9539,519.785,719998,520.388992
2024-03-26 04:00:00+00:00,518.72,521.56,518.45,9308,521.14,856545,520.302604
2024-03-27 04:00:00+00:00,523.08,523.11,519.485,9527,521.72,872582,520.96525
2024-03-28 04:00:00+00:00,523.135,524.6,522.78,9999,523.25,1017125,523.619763
2024-04-01 04:00:00+00:00,522.21,524.37,521.005,8874,523.71,714088,522.441662
2024-04-02 04:00:00+00:00,518.9,518.965,516.51,9657,518.13,815648,517.893794
2024-04-03 04:00:00+00:00,519.54,520.935,517.67,8370,517.705,634103,519.798728
2024-04-04 04:00:00+00:00,513.12,523.85,512.76,11181,523.63,1038338,517.880708
2024-04-05 04:00:00+00:00,518.54,520.41,514.05,7526,514.07,854635,517.981894
2024-04-08 04:00:00+00:00,518.65,520.14,517.95,6562,519.24,475966,518.970579
2024-04-09 04:00:00+00:00,519.34,520.675,514.355,7052,520.555,689958,517.028404
2024-04-10 04:00:00+00:00,514.195,516.135,512.09,10302,513.43,900552,513.971684
2024-04-11 04:00:00+00:00,518.05,519.48,512.13,8339,515.68,769777,516.686385
2024-04-12 04:00:00+00:00,510.88,515.75,509.16,11492,514.38,1054092,511.462078
2024-04-15 04:00:00+00:00,504.52,515.3,503.595,11968,515.21,1127351,508.750183
2024-04-16 04:00:00+00:00,503.41,506.49,502.26,10975,504.81,880401,504.24646
2024-04-17 04:00:00+00:00,500.52,506.2,499.12,9993,506.08,833510,502.010218
2024-04-18 04:00:00+00:00,499.42,504.1,498.57,8605,501.85,745224,500.865351
2024-04-19 04:00:00+00:00,495.185,500.45,493.87,9533,499.44,1039006,496.979368
2024-04-22 04:00:00+00:00,499.54,502.36,495.45,10252,497.85,809102,498.885234
2024-04-23 04:00:00+00:00,505.5,506.05,501.255,8686,501.86,725640,504.592071
2024-04-24 04:00:00+00:00,505.66,507.34,503.135,6557,506.54,547706,505.376046
2024-04-25 04:00:00+00:00,503.53,504.25,497.54,9130,499.1,904077,500.70525
2024-04-26 04:00:00+00:00,508.195,509.88,505.75,7806,506.42,585586,508.514762
2024-04-29 04:00:00+00:00,510.07,510.735,507.34,5652,510.26,452174,509.458309
2024-04-30 04:00:00+00:00,502.26,509.52,502.07,9620,508.33,745133,505.828633
2024-05-01 04:00:00+00:00,500.11,508.17,499.89,8768,501.38,955301,502.340416
2024-05-02 04:00:00+00:00,505.03,505.86,499.6,6128,504.155,523585,503.627361
2024-05-03 04:00:00+00:00,511.25,512.54,508.595,8714,511.16,753740,510.911453
2024-05-06 04:00:00+00:00,516.54,516.59,513.3,11145,513.775,821251,514.810752
2024-05-07 04:00:00+00:00,517.255,518.56,516.47,9188,517.55,860251,517.566292
2024-05-08 04:00:00+00:00,517.2,517.69,515.33,5166,515.625,446623,517.026591
2024-05-09 04:00:00+00:00,520.16,520.195,516.715,7214,517.435,795874,519.146958
2024-05-10 04:00:00+00:00,520.81,522.62,519.67,8472,521.8,696594,521.010335
2024-05-13 04:00:00+00:00,520.925,522.615,519.77,6999,522.615,565826,521.103129
2024-05-14 04:00:00+00:00,523.275,523.83,520.615,6851,521.185,714836,522.279787
2024-05-15 04:00:00+00:00,529.8,530.07,525.22,8491,525.77,869966,528.452649
2024-05-16 04:00:00+00:00,528.83,531.445,528.55,6727,529.88,672098,529.932199
2024-05-17 04:00:00+00:00,529.51,529.51,527.395,5921,528.93,668182,528.970401
2024-05-20 04:00:00+00:00,530.05,531.56,529.17,6462,529.56,722515,530.275164
2024-05-21 04:00:00+00:00,531.34,531.5,529.15,6538,529.31,634889,530.550214
2024-05-22 04:00:00+00:00,529.8,531.34,527.6,5143,530.71,540069,529.770338
2024-05-23 04:00:00+00:00,525.96,533.04,524.78,6960,532.96,837318,528.293127
2024-05-24 04:00:00+00:00,529.46,530.24,526.89,5599,527.87,652720,528.926177
2024-05-28 04:00:00+00:00,529.88,530.51,527.11,8020,530.32,743236,529.243497
2024-05-29 04:00:00+00:00,526.12,527.3,525.435,6737,525.63,746282,526.304217
2024-05-30 04:00:00+00:00,522.65,525.2,521.345,8155,524.31,825534,523.413679
2024-05-31 04:00:00+00:00,527.335,527.45,518.44,7544,523.63,1409524,523.943444
2024-06-03 04:00:00+00:00,527.77,529.15,522.695,5360,529.05,591461,526.818079
2024-06-04 04:00:00+00:00,528.35,529.125,524.97,5715,526.545,566637,526.9599
2024-06-05 04:00:00+00:00,534.65,534.665,528.84,8644,530.79,842379,532.274001
2024-06-06 04:00:00+00:00,534.63,535.405,532.7,6670,534.9,658256,534.328983
2024-06-07 04:00:00+00:00,534.01,536.86,532.56,6463,533.3,625522,534.897116
2024-06-10 04:00:00+00:00,535.705,535.94,532.615,6619,533.25,837823,534.774286
2024-06-11 04:00:00+00:00,537.01,537.01,532.125,8963,534.08,492135,534.646427
2024-06-12 04:00:00+00:00,541.28,544.03,540.36,9219,541.625,866073,542.371259
2024-06-13 04:00:00+00:00,542.35,543.3,539.71,8225,543.12,632544,541.951625
2024-06-14 04:00:00+00:00,542.79,542.79,539.87,6448,540.89,609688,541.575829
2024-06-17 04:00:00+00:00,547.05,548.41,541.61,8030,542.075,712017,545.857116
2024-06-18 04:00:00+00:00,548.48,548.54,546.755,9292,547.14,566922,547.930135
2024-06-20 04:00:00+00:00,547.03,550.11,545.23,10386,549.425,918152,547.461215
2024-06-21 04:00:00+00:00,544.09,545.63,543.05,9804,544.36,1055859,544.448497
2024-06-24 04:00:00+00:00,542.71,546.94,542.65,6959,544.37,792068,544.655647
2024-06-25 04:00:00+00:00,544.775,545.2,542.505,5109,543.77,414830,544.30282
2024-06-26 04:00:00+00:00,545.585,546.22,543.21,4336,543.635,341132,544.794282
2024-06-27 04:00:00+00:00,546.37,546.805,544.635,4802,545.55,375022,545.784329
2024-06-28 04:00:00+00:00,544.11,550.26,543.015,8274,547.105,1011331,546.478026
2024-07-01 04:00:00+00:00,545.2,545.87,542.53,6235,545.54,704770,544.755611
2024-07-02 04:00:00+00:00,548.97,548.97,543.685,5532,543.74,365169,547.162376
2024-07-03 04:00:00+00:00,551.24,551.825,548.83,6712,548.84,557810,550.416806
2024-07-05 04:00:00+00:00,554.725,555.045,551.28,5833,551.77,438956,553.752247
2024-07-08 04:00:00+00:00,555.245,556.23,554.25,7778,555.35,516316,555.138286
2024-07-09 04:00:00+00:00,555.87,557.125,555.54,5292,556.355,403756,556.099075
2024-07-10 04:00:00+00:00,561.24,561.665,556.795,5946,557.13,566521,559.48764
2024-07-11 04:00:00+00:00,556.42,562.3,555.85,10385,561.43,902603,557.962106
2024-07-12 04:00:00+00:00,559.91,563.64,557.17,7861,557.61,672739,560.682646
2024-07-15 04:00:00+00:00,561.52,564.755,559.64,5650,562.18,583915,562.03905
2024-07-16 04:00:00+00:00,564.83,565.145,562.12,6629,562.96,506481,563.739645
2024-07-17 04:00:00+00:00,557.065,560.48,556.62,10188,559.01,982486,558.060354
2024-07-18 04:00:00+00:00,552.8,559.5,550.555,9201,558.61,912544,554.574244
2024-07-19 04:00:00+00:00,548.94,553.99,547.955,9352,552.375,1017532,549.791473
2024-07-22 04:00:00+00:00,554.65,555.26,551.17,6458,552.97,573487,553.617686
2024-07-23 04:00:00+00:00,553.69,556.605,553.295,4133,554.685,372009,555.088038
2024-07-24 04:00:00+00:00,541.21,549.17,540.445,8967,548.8,1116332,543.636609
2024-07-25 04:00:00+00:00,538.39,547.445,537.455,11043,541.32,1014214,541.591299
2024-07-26 04:00:00+00:00,544.345,547.18,541.49,6370,542.37,678034,543.818921
2024-07-29 04:00:00+00:00,544.91,547.05,542.96,6362,546.17,551816,545.277089
2024-07-30 04:00:00+00:00,541.97,547.33,538.54,9748,546.25,744722,542.360912
2024-07-31 04:00:00+00:00,550.37,553.43,547.635,9235,549.16,993224,550.552186
2024-08-01 04:00:00+00:00,543.18,554.8,539.46,10917,552.59,1145235,544.246073
2024-08-02 04:00:00+00:00,532.92,536.92,528.6,11702,535.75,1236956,531.710732
2024-08-05 04:00:00+00:00,517.4,523.47,510.305,14719,511.49,1484386,516.908971
2024-08-06 04:00:00+00:00,522.07,529.665,517.99,8764,519.56,774935,524.442985
2024-08-07 04:00:00+00:00,518.635,531.565,518.06,7267,528.54,769811,523.390843
2024-08-08 04:00:00+00:00,530.61,531.29,521.895,8462,523.98,869810,528.694271
2024-08-09 04:00:00+00:00,532.92,534.45,528.565,5238,529.815,463391,531.765237
2024-08-12 04:00:00+00:00,533.29,535.68,531.04,5179,534.32,512980,533.222512
2024-08-13 04:00:00+00:00,541.99,542.28,536.28,8303,536.585,859713,540.044853
2024-08-14 04:00:00+00:00,543.78,544.94,540.19,5216,542.95,627760,543.10347
2024-08-15 04:00:00+00:00,552.97,553.34,548.915,9596,549.76,1054828,551.672144
2024-08-16 04:00:00+00:00,554.22,555.02,551.36,6423,551.36,497168,553.442845
2024-08-19 04:00:00+00:00,559.49,559.55,553.92,7783,554.75,632519,557.296514
2024-08-20 04:00:00+00:00,558.65,560.815,557.325,5890,559.16,563025,558.818085
2024-08-21 04:00:00+00:00,560.64,562.105,558.04,7003,559.765,638108,560.148394
2024-08-22 04:00:00+00:00,556.26,563.14,555.0,7174,562.56,847928,557.809175
2024-08-23 04:00:00+00:00,562.09,563.09,557.36,7055,559.59,698159,560.79432
2024-08-26 04:00:00+00:00,560.78,563.9,559.06,9364,563.43,712177,561.054464
2024-08-27 04:00:00+00:00,561.565,562.04,558.33,6680,559.46,474357,560.903613
2024-08-28 04:00:00+00:00,558.35,561.62,555.09,9851,561.195,626457,558.420335
2024-08-29 04:00:00+00:00,558.31,563.65,557.21,6392,560.27,673660,560.320397
2024-08-30 04:00:00+00:00,563.57,564.19,557.185,7179,560.64,944527,560.682591
2024-09-03 04:00:00+00:00,552.16,560.75,549.54,11072,560.475,812721,554.339723
2024-09-04 04:00:00+00:00,550.83,554.43,549.47,13026,550.06,857093,551.583387
2024-09-05 04:00:00+00:00,549.44,553.75,547.13,11541,551.0,681939,549.971527
2024-09-06 04:00:00+00:00,540.46,551.57,539.465,13464,550.005,1096849,542.647423
2024-09-09 04:00:00+00:00,546.44,547.71,542.71,11028,544.68,664187,545.476263
2024-09-10 04:00:00+00:00,548.76,549.15,543.47,10519,548.365,819534,547.188753
2024-09-11 04:00:00+00:00,554.23,555.36,539.99,12153,548.69,1231712,547.508371
2024-09-12 04:00:00+00:00,559.06,559.36,552.81,10617,555.085,940507,557.141337
2024-09-13 04:00:00+00:00,561.89,563.01,559.46,9168,559.71,756298,561.573312
2024-09-16 04:00:00+00:00,562.87,563.09,559.94,8697,561.79,488997,561.911383
2024-09-17 04:00:00+00:00,563.15,566.5,560.795,9267,565.11,756844,563.671058
2024-09-18 04:00:00+00:00,561.39,568.63,560.88,9174,563.71,654172,563.726851
2024-09-19 04:00:00+00:00,570.99,572.835,568.125,10807,571.04,1040119,570.939021
2024-09-20 04:00:00+00:00,568.03,569.29,565.23,11464,567.86,1151421,567.471501
2024-09-23 04:00:00+00:00,569.6,570.29,568.1,7499,569.27,504547,569.326652
2024-09-24 04:00:00+00:00,571.24,571.34,567.64,8196,570.48,698992,570.241902
2024-09-25 04:00:00+00:00,569.985,571.89,568.99,6951,571.145,558329,570.243575
2024-09-26 04:00:00+00:00,572.17,574.69,569.935,8013,574.58,643492,572.330379
2024-09-27 04:00:00+00:00,571.4,574.2,570.59,7980,573.5,633680,572.26133
2024-09-30 04:00:00+00:00,574.045,574.38,568.23,9337,570.505,816468,571.983659
2024-10-01 04:00:00+00:00,568.61,573.435,566.03,10281,573.435,1049644,568.434605
2024-10-02 04:00:00+00:00,568.83,569.88,565.27,4944,567.71,397194,568.26691
2024-10-03 04:00:00+00:00,567.76,569.78,565.49,9491,567.38,751132,567.427234
2024-10-04 04:00:00+00:00,572.935,573.36,568.2,8274,572.35,677404,570.944972
2024-10-07 04:00:00+00:00,567.8,571.91,566.69,7651,571.26,622312,569.304905
2024-10-08 04:00:00+00:00,573.19,573.78,569.55,8028,570.41,654089,571.871177
2024-10-09 04:00:00+00:00,577.07,577.69,572.6,7012,573.16,564712,575.916873
2024-10-10 04:00:00+00:00,576.2,577.54,574.51,6854,575.72,623045,575.916122
2024-10-11 04:00:00+00:00,579.6,580.3,575.955,6827,575.955,521282,579.015141
2024-10-14 04:00:00+00:00,584.31,585.27,580.73,6616,581.215,592179,583.815566
2024-10-15 04:00:00+00:00,579.92,584.83,578.55,9195,584.64,820884,581.098735
2024-10-16 04:00:00+00:00,582.27,582.79,579.01,5435,579.785,439136,580.934094
2024-10-17 04:00:00+00:00,582.32,586.09,582.16,7213,585.93,565059,583.532015
2024-10-18 04:00:00+00:00,584.6,585.36,582.64,7103,584.09,538888,584.121722
2024-10-21 04:00:00+00:00,583.72,584.79,580.68,7315,583.91,561603,582.876245
2024-10-22 04:00:00+00:00,583.33,584.49,580.44,5514,581.05,354662,582.617483
2024-10-23 04:00:00+00:00,578.04,581.665,574.48,10080,581.32,752782,578.290833
2024-10-24 04:00:00+00:00,579.23,580.05,576.62,9148,580.02,663254,578.924044
2024-10-25 04:00:00+00:00,579.01,584.44,578.14,8893,581.595,773465,580.948708
2024-10-28 04:00:00+00:00,580.77,582.62,580.54,8096,582.62,643201,581.370016
2024-10-29 04:00:00+00:00,581.7,582.905,578.435,9875,579.865,802413,581.271934
2024-10-30 04:00:00+00:00,579.97,583.31,579.33,9398,581.295,844091,580.892137
2024-10-31 04:00:00+00:00,568.46,575.53,568.46,15239,575.5,1253356,571.597116
2024-11-01 04:00:00+00:00,571.03,575.5,570.635,9741,571.26,825087,572.52614
2024-11-04 05:00:00+00:00,569.78,572.49,567.91,8719,571.17,701018,570.388655
2024-11-05 05:00:00+00:00,576.69,576.7,570.53,9120,570.68,766644,575.068871
2024-11-06 05:00:00+00:00,591.01,591.93,585.46,16676,589.22,1350029,589.325406
2024-11-07 05:00:00+00:00,595.75,596.65,593.02,10900,593.21,931015,595.02051
2024-11-08 05:00:00+00:00,598.25,599.595,596.26,10090,596.26,754842,597.909095
2024-11-11 05:00:00+00:00,598.81,600.14,597.02,8777,599.91,869569,598.724852
2024-11-12 05:00:00+00:00,596.915,599.285,594.42,10156,598.65,758918,597.375272
2024-11-13 05:00:00+00:00,597.22,599.17,595.01,11022,597.41,932260,597.635103
2024-11-14 05:00:00+00:00,593.42,597.81,592.71,7257,597.38,608776,594.724123
2024-11-15 05:00:00+00:00,585.74,590.17,583.88,13600,589.72,954365,586.06537
2024-11-18 05:00:00+00:00,588.21,589.465,585.37,8422,585.95,637963,587.813561
2024-11-19 05:00:00+00:00,590.19,591.01,584.06,8611,584.74,592020,588.507117
2024-11-20 05:00:00+00:00,590.49,590.76,584.705,10458,590.44,748523,587.981572
2024-11-21 05:00:00+00:00,593.665,595.1,587.52,9180,593.4,747147,592.335326
2024-11-22 05:00:00+00:00,595.5,596.09,593.185,10554,593.69,674357,595.064086
2024-11-25 05:00:00+00:00,597.49,600.76,595.25,10607,599.49,736572,597.86448
2024-11-26 05:00:00+00:00,600.725,601.29,598.08,9804,598.815,720718,599.961859
2024-11-27 05:00:00+00:00,598.68,600.815,597.32,8580,600.5,534416,598.934926
2024-11-29 05:00:00+00:00,602.49,603.34,599.47,5721,599.64,483126,602.121428
2024-12-02 05:00:00+00:00,603.67,604.3,602.48,8140,602.995,510225,603.489582
2024-12-03 05:00:00+00:00,603.87,604.15,602.38,8042,603.45,595330,603.485535
2024-12-04 05:00:00+00:00,607.62,607.84,604.98,8718,605.74,692429,606.802771
2024-12-05 05:00:00+00:00,606.69,608.45,606.305,11237,607.655,849183,607.221494
2024-12-06 05:00:00+00:00,607.89,609.05,607.02,9259,607.47,734753,607.827239
2024-12-09 05:00:00+00:00,604.65,607.84,604.09,10398,607.59,1070578,605.371314
2024-12-10 05:00:00+00:00,602.9,605.68,602.16,10410,605.36,866800,603.879523
2024-12-11 05:00:00+00:00,607.57,608.395,605.58,10021,605.77,731222,607.433845
2024-12-12 05:00:00+00:00,604.39,607.15,604.39,9024,606.59,758423,605.70334
2024-12-13 05:00:00+00:00,604.26,607.085,602.83,10429,606.35,696804,604.48319
2024-12-16 05:00:00+00:00,606.84,607.775,605.255,9816,606.0,855514,606.935537
2024-12-17 05:00:00+00:00,604.24,605.16,602.89,12802,604.18,1134815,603.998169
2024-12-18 05:00:00+00:00,586.395,606.39,585.9,15357,603.975,1561527,596.115167
2024-12-19 05:00:00+00:00,586.12,593.0,585.965,17050,591.355,1310529,588.998458
2024-12-20 05:00:00+00:00,590.93,595.72,580.94,17445,581.77,1741089,590.208456
2024-12-23 05:00:00+00:00,589.06,591.77,587.76,1107,590.935,94006,590.47386
2024-12-24 05:00:00+00:00,601.14,601.32,595.51,4923,596.11,349441,599.18079
2024-12-26 05:00:00+00:00,601.165,602.46,598.13,5908,599.465,479114,600.818308
2024-12-27 05:00:00+00:00,594.99,597.705,590.83,12564,597.47,1148065,593.966551
2024-12-30 05:00:00+00:00,588.25,591.71,584.45,9345,587.97,679803,588.200861
2024-12-31 05:00:00+00:00,586.07,590.62,584.45,11009,589.99,1216032,586.720937
2025-01-02 05:00:00+00:00,584.62,591.09,580.51,10471,589.39,744108,585.338555
2025-01-03 05:00:00+00:00,591.94,592.58,586.54,9316,587.54,596181,590.198156
2025-01-06 05:00:00+00:00,595.42,599.69,593.72,9678,595.955,787134,596.86726
2025-01-07 05:00:00+00:00,588.73,597.72,586.79,10646,597.435,924580,590.845286
2025-01-08 05:00:00+00:00,589.34,590.54,585.195,8774,588.68,735512,588.271791
2025-01-10 05:00:00+00:00,580.49,585.87,578.57,12927,585.87,1016306,581.278629
2025-01-13 05:00:00+00:00,581.41,581.72,575.48,9677,575.76,717379,578.788526
2025-01-14 05:00:00+00:00,582.2,584.99,578.4,10642,584.34,911647,581.789394
2025-01-15 05:00:00+00:00,592.75,593.94,589.25,15010,590.57,1059949,592.173825
2025-01-16 05:00:00+00:00,591.7,594.34,590.93,10452,594.06,726295,592.757382
2025-01-17 05:00:00+00:00,597.64,599.345,595.725,10094,596.95,822039,597.87712
2025-01-21 05:00:00+00:00,602.92,602.97,598.72,11040,600.79,668452,601.614281
2025-01-22 05:00:00+00:00,606.33,607.82,605.37,9599,605.93,806468,606.829146
2025-01-23 05:00:00+00:00,609.63,609.63,605.555,9904,605.79,678720,607.499805
