date,close,high,low,trade_count,open,volume,vwap,MA_Short,MA_Long,RSI,MACD,MACD_Signal,MACD_Diff,Bollinger_High,Bollinger_Low,Bollinger_Width,OBV,ROC
2024-03-26 04:00:00+00:00,169.89,171.38,169.63,8682,170.05,637480,170.436166,173.5875,181.718,37.564352595958894,-2.6338576373876776,-2.795464843772187,0.16160720638450954,181.05713687203075,166.11786312796926,8.606192118707565,-9949000,0.46123824729464413
2024-03-27 04:00:00+00:00,173.355,173.6,170.13,11341,170.45,976859,172.527728,173.18275,181.5137,45.50640214519812,-2.4100052464432338,-2.7183729243063968,0.308367677863163,179.72394367929138,166.64155632070862,7.554093787390929,-8972141,2.595135231106108
2024-03-28 04:00:00+00:00,171.51,172.22,170.53,8587,171.87,763045,171.410035,172.72175,181.2911,42.41273180205495,-2.354337358991671,-2.645565811243452,0.29122845225178073,178.2988955736785,167.14460442632148,6.45795399094614,-9735186,0.3099777751783841
2024-04-01 04:00:00+00:00,169.97,171.21,169.485,7834,171.195,578838,170.040962,172.23825,180.9165,39.97016469096154,-2.4067418647320267,-2.597801021941167,0.19105915720914046,176.94053165362322,167.53596834637676,5.460206026969307,-10314024,-1.643423412996935
2024-04-02 04:00:00+00:00,168.93,169.34,168.27,8822,169.1,775556,168.920771,171.93025,180.4641,38.36335606921167,-2.503335231169814,-2.5789078637868967,0.07557263261708291,176.65194511404556,167.20855488595444,5.492570520947371,-11089580,-2.465357967667426
2024-04-03 04:00:00+00:00,169.74,170.67,168.62,7948,168.735,663801,169.906197,171.91074999999998,179.9811,40.37384364310354,-2.4858703731803757,-2.5603003656655927,0.07442999248521698,176.66513142664232,167.15636857335764,5.531220620749243,-10425779,-0.8122479985975494
2024-04-04 04:00:00+00:00,168.86,171.905,168.84,9203,170.65,737973,170.218373,171.89825000000002,179.4557,38.889688798468974,-2.5140575029814727,-2.5510517931287686,0.03699429014729594,176.68323618075348,167.11326381924655,5.567230824925167,-11163752,-2.4494511842865285
2024-04-05 04:00:00+00:00,169.68,170.36,168.98,7193,169.565,609765,169.646929,171.93374999999997,178.958,41.06377758804063,-2.4420781032190177,-2.5292570551468185,0.08717895192780079,176.64121733923895,167.226282660761,5.475908411511963,-10553987,-1.686076829480269
2024-04-08 04:00:00+00:00,168.54,169.175,168.27,5507,169.175,426750,168.704113,171.81175,178.445,38.987143947137774,-2.448794207641953,-2.5131644856458455,0.06437027800389261,176.73336485185519,166.8901351481448,5.729078310249673,-10980737,-2.9594656840165907
2024-04-09 04:00:00+00:00,169.7,170.065,168.35,7574,168.79,554900,169.090734,171.65625,177.9916,42.19072929021909,-2.3336140135842243,-2.4772543912335214,0.14364037764929716,176.63803369161104,166.67446630838896,5.804372041928031,-10425837,-3.6342986939239106
2024-04-10 04:00:00+00:00,167.73,169.06,167.12,9853,168.9,648092,168.005996,171.38275000000002,177.51089999999996,38.49413003018828,-2.3739302260622708,-2.4565895581992714,0.08265933213700061,176.59095648112205,166.17454351887798,6.077865457430264,-11073929,-6.091484239404302
2024-04-11 04:00:00+00:00,175.04,175.455,168.185,14967,168.26,1987855,172.558248,171.57825,177.25169999999997,54.44426145042882,-1.7953297631768237,-2.3243375991947817,0.529007836017958,177.02204029261796,166.13445970738204,6.345548217933173,-9086074,2.1356050881082953
2024-04-12 04:00:00+00:00,176.62,178.35,174.23,20577,174.39,2326731,176.252341,171.75425,177.0959,57.03760795066435,-1.1955108277175555,-2.0985722448993367,0.9030614171817812,177.59648011785757,165.91201988214246,6.803010834209405,-6759343,2.5251059383525827
2024-04-15 04:00:00+00:00,172.73,176.61,172.51,18996,175.455,2005050,174.345854,171.76125,176.8129,49.55755720549113,-1.0222565526116796,-1.8833091064418055,0.8610525538301259,177.6078027236143,165.91469727638568,6.807766854997049,-8764393,1.0767160161507423
2024-04-16 04:00:00+00:00,169.34,173.75,168.27,12660,171.69,1175534,170.333464,171.54425,176.4829,44.12657655129956,-1.14529372678669,-1.7357060305107825,0.5904123037240925,177.4119576230843,165.6765423769157,6.8410426150504025,-9939927,-0.32373888986990584
2024-04-17 04:00:00+00:00,168.01,170.63,168.0,8412,169.53,605430,169.118244,171.13975,176.0903,42.17382074094742,-1.3347354589547251,-1.6555119161995713,0.32077645724484616,176.80744130687276,165.47205869312722,6.623465684474553,-10545357,-3.0832684375991457
2024-04-18 04:00:00+00:00,167.03,168.62,166.57,9593,168.06,901199,167.435454,170.56075,175.64489999999998,40.743080845559575,-1.546124446163816,-1.6336344221924202,0.08750997602860422,175.35646087014229,165.76503912985774,5.623463628228971,-11446556,-2.612092589353385
2024-04-19 04:00:00+00:00,164.96,166.38,164.08,11948,165.99,1032397,165.060773,170.23975000000002,175.15670000000003,37.82419951685656,-1.8592511518556591,-1.678757768125068,-0.1804933837305911,175.59942580642718,164.88007419357285,6.2966208613759855,-12478953,-2.9475789845266758
2024-04-22 04:00:00+00:00,165.91,167.25,164.78,9921,165.53,934080,166.034684,169.92175,174.7073,39.95043036718206,-2.0076068198267194,-1.7445275784653984,-0.263079241361321,175.51161518173743,164.33188481826258,6.57934041020343,-11544873,-1.7877227253892205
2024-04-23 04:00:00+00:00,166.81,167.05,165.03,9223,165.35,782098,166.483532,169.71775,174.2668,41.974887605422154,-2.029166311031105,-1.8014553249785399,-0.227710986052565,175.44742928858153,163.98807071141846,6.752009484666792,-10762775,-1.7261694356074035
2024-04-24 04:00:00+00:00,169.075,169.29,166.28,8610,166.425,787955,168.33696,169.677,173.9043,46.83283279148944,-1.8422494872050947,-1.8096141574238511,-0.032635329781243616,175.41278887338092,163.94121112661907,6.760832491593942,-9974820,0.12732441075445633
2024-04-25 04:00:00+00:00,169.94,170.59,168.18,11262,169.525,1291953,169.565757,169.50625,173.60139999999998,48.60257719355387,-1.6058075370598885,-1.7688528333510587,0.16304529629117015,174.99177173908737,164.02072826091262,6.472353366424394,-8682867,0.15322960867514787
2024-04-26 04:00:00+00:00,169.19,171.32,169.19,6736,169.96,536766,170.147588,169.39024999999998,173.3048,47.137490502777254,-1.4620902537602376,-1.7075003174328947,0.24541006367265705,174.7989582330257,163.98154176697426,6.386091564332329,-9219633,0.38566512400617403
2024-04-29 04:00:00+00:00,173.48,176.03,173.145,11453,173.4,1210678,174.740879,169.56575,173.0972,55.41618673800751,-0.990607023211993,-1.5641216585887145,0.5735146353767215,175.25863263975293,163.87286736024708,6.714660996991342,-8008955,2.2274602239245733
2024-04-30 04:00:00+00:00,170.05,174.98,170.05,8609,173.39,619499,173.13489,169.62175,172.8522,48.8314915934517,-0.8835405944552406,-1.42800544576202,0.5444648513067794,175.31054888465044,163.93295111534954,6.707629044801687,-8628454,1.3831753413223762
2024-05-01 04:00:00+00:00,169.34,172.675,169.145,6345,169.82,603050,170.764459,169.60175,172.60620000000003,47.5714232757914,-0.8462259782560011,-1.3116495522608163,0.46542357400481515,175.29155779552354,163.91194220447647,6.709609771742962,-9231504,-3.256398537477142
2024-05-02 04:00:00+00:00,173.13,173.41,170.9,13697,172.42,1356609,172.316183,169.81525,172.42239999999998,54.34404851073705,-0.5050110968662409,-1.1503218611819013,0.6453107643156604,175.69498254068588,163.9355174593141,6.924858092174753,-7874895,-1.9759936587023037
2024-05-03 04:00:00+00:00,183.36,186.97,182.68,33331,186.65,3997192,184.610231,170.49925000000002,172.40279999999998,66.8077445219534,0.5841459879476076,-0.8034282913559996,1.3875742793036072,178.82920934864038,162.16929065135966,9.771256294253913,-3877703,6.154113356104918
2024-05-06 04:00:00+00:00,181.62,184.14,180.43,11235,182.38,1069082,182.014122,171.15324999999999,172.38519999999997,63.62616002820551,1.2920138351613275,-0.38433986605253423,1.6763537012138618,180.72632906318555,161.58017093681443,11.186558319150306,-4946785,7.251683004606119
2024-05-07 04:00:00+00:00,182.35,184.89,181.33,9678,183.59,850277,182.873541,171.78575,172.4082,64.39231856070234,1.8901209651987187,0.07055230019771636,1.8195686650010023,182.49530987657766,161.07619012342235,12.468507867011851,-4096508,8.535206237723948
2024-05-08 04:00:00+00:00,182.73,183.04,181.47,6326,182.83,550059,182.509883,172.53574999999998,172.40959999999998,64.807865908132,2.3674969677613547,0.529941233710444,1.8375557340509108,184.07308820038236,160.9984117996176,13.373852318006419,-3546449,9.399509070226898
2024-05-09 04:00:00+00:00,184.62,184.65,182.14,8324,182.635,778041,183.844813,173.01475,172.47299999999998,66.87825925276474,2.8652987137262755,0.9970127297136104,1.868285984012665,185.6695504626704,160.35994953732958,14.628579890061868,-2768408,11.918040737148397
2024-05-10 04:00:00+00:00,183.01,185.085,182.15,7256,184.9,718467,183.086128,173.33425,172.5186,63.453638048512666,3.0942283014340717,1.4164558440577029,1.6777724573763688,186.64278458311634,160.02571541688366,15.355920232863776,-3486875,10.306792839491287
2024-05-13 04:00:00+00:00,186.28,187.1,184.64,11128,185.465,1323520,186.250584,174.01175,172.6514,67.13468944496805,3.499181929393984,1.8330010611249592,1.666180868269025,188.45912113630033,159.5643788636997,16.60505240169163,-2163355,11.671962112583177
2024-05-14 04:00:00+00:00,187.38,188.245,186.305,6585,187.775,582177,187.394469,174.91375,172.8972,68.29168196586184,3.8643258609363897,2.2392660210872455,1.6250598398491443,190.30365216830518,159.5238478316948,17.597132493363368,-1581178,10.826556262013904
2024-05-15 04:00:00+00:00,189.73,190.63,187.38,7647,187.97,889908,189.812335,175.99975,173.2892,70.66744218980367,4.293833774698271,2.650179571809451,1.6436542028888201,192.32468199832712,159.6748180016729,18.551085439981723,-691270,11.645286571731194
2024-05-16 04:00:00+00:00,189.93,191.09,189.67,6699,190.41,736398,190.207032,177.14475,173.7056,70.86749929658528,4.597364661267278,3.0396165897010166,1.5577480715662615,193.99640851630053,160.29309148369944,19.025862766241218,45128,12.258407707311312
2024-05-17 04:00:00+00:00,189.865,190.79,189.22,4004,189.22,436685,189.948088,178.39,174.12349999999998,70.69873377404825,4.777596955174403,3.387212662795694,1.3903842923787084,195.13643633732278,161.6435636626772,18.775084183331792,-391557,9.444892783029756
2024-05-20 04:00:00+00:00,191.045,191.91,189.03,8770,189.295,964055,191.225453,179.64675,174.5248,72.00224037553153,4.958490097635263,3.701468149763608,1.2570219478716549,196.23002991532454,163.06347008467546,18.462098440772838,572498,12.346368715083784
2024-05-21 04:00:00+00:00,192.37,192.72,190.93,5988,191.085,561888,192.287412,180.92475,174.91600000000003,73.4315040951978,5.149406490188568,3.9910558178486,1.1583506723399677,197.29215128273287,164.5573487172671,18.093048389159456,1134386,13.599858273296327
2024-05-22 04:00:00+00:00,190.925,192.82,190.28,4139,192.3,410858,191.62025,182.01725,175.2705,69.27794189405743,5.125031510107078,4.217850956300296,0.9071805538067821,197.98707419283338,166.0474258071666,17.547594189928027,723528,10.278403511811943
2024-05-23 04:00:00+00:00,186.91,190.97,186.635,6959,190.96,724321,188.460177,182.86575,175.58610000000002,59.24965981017375,4.727244485711537,4.319729662182545,0.4075148235289925,197.9578433852798,167.77365661472018,16.50620018814875,-793,1.9360820244328003
2024-05-24 04:00:00+00:00,190.0,190.56,188.06,4691,188.87,469969,189.840155,183.90625,175.9241,63.61494133275754,4.608211979581569,4.37742612566235,0.2307858539192189,197.91392642223389,169.89857357776611,15.23349687379726,469176,4.614029291928199
2024-05-28 04:00:00+00:00,190.1,192.98,189.13,8188,191.53,838111,190.784704,184.73725,176.2743,63.75027689017724,4.470414865324955,4.396023873594871,0.07439099173008401,198.13067841657832,171.34382158342166,14.499975956747576,1307287,4.250068549492734
2024-05-29 04:00:00+00:00,190.37,192.24,189.61,7539,189.65,743546,191.242179,185.75325,176.60809999999998,64.13813259573976,4.333047726060357,4.383428644087968,-0.05038091802761091,197.5200427979551,173.9864572020449,12.669272594643813,2050833,4.181032123898657
2024-05-30 04:00:00+00:00,191.28,192.175,190.65,8456,190.75,707884,191.490118,186.85025,176.9117,65.47877811706843,4.248637030328155,4.356470321336006,-0.107833291007851,196.11706254531506,177.5834374546849,9.918972594700918,2758717,3.607409814754629
2024-05-31 04:00:00+00:00,192.31,192.56,189.915,9601,191.345,1346295,191.230036,187.80925,177.1857,66.98328917134384,4.2162510205057515,4.328426461169955,-0.11217544066420349,194.91613488368915,180.70236511631083,7.56819473342145,4105012,5.081689525162566
2024-06-03 04:00:00+00:00,193.99,194.99,192.6,4460,192.985,390603,193.85831,188.34075,177.63789999999997,69.3311053343965,4.276846015425463,4.3181103720210565,-0.04126435659559391,195.6249117740142,181.05658822598582,7.735088422462153,4495615,4.138930642044239
2024-06-04 04:00:00+00:00,194.31,195.295,193.14,5720,194.845,517834,194.24631,188.97525000000002,178.0787,69.77203025049978,4.301108806141144,4.314710058845074,-0.0136012527039302,196.01381126989105,181.93668873010898,7.449188472978374,5013449,3.698366954851109
2024-06-05 04:00:00+00:00,195.87,196.885,194.905,8954,195.39,856960,195.942253,189.65124999999998,178.57829999999998,71.8934806731261,4.395547074580605,4.330877461992181,0.06466961258842474,196.61129085835782,182.69120914164213,7.33983125168734,5870409,3.236177726242563
2024-06-06 04:00:00+00:00,194.435,196.49,194.175,6670,195.72,568869,195.507859,190.2365,179.06920000000002,67.22006085989217,4.304972531909755,4.325696475975696,-0.020723944065941247,196.72250115633744,183.75049884366257,6.818881924696299,5301540,2.371926499236558
2024-06-07 04:00:00+00:00,196.88,196.93,194.16,9420,194.77,901606,195.881184,190.84949999999998,179.5397,70.7132931870164,4.379992790137322,4.336555738808022,0.04343705132930076,197.4132899875004,184.28571001249955,6.8784984896480506,6203146,3.6947304663840024
2024-06-10 04:00:00+00:00,193.15,197.23,192.24,14573,196.905,1746307,194.510262,191.3565,179.9725,60.17748175208781,4.09130504042804,4.287505599132025,-0.19620055870398545,196.90826107194925,185.80473892805077,5.802531998598682,4456839,1.1018346462875335
2024-06-11 04:00:00+00:00,207.15,207.15,193.65,22998,193.66,2713867,202.770913,192.4,180.71609999999998,75.14574823752892,4.935309737488524,4.417066426803325,0.5182433106851985,200.8379642094531,183.9620357905469,8.771272566999064,7170706,7.683110672142226
2024-06-12 04:00:00+00:00,213.17,220.19,206.93,25670,207.385,3330445,215.430765,193.6895,181.6009,78.83048764832041,6.020552052991889,4.737763552041038,1.2827885009508506,205.76370800715358,181.61529199284644,12.467591694081065,10501151,11.651171926148999
2024-06-13 04:00:00+00:00,214.22,216.64,211.615,14105,214.72,1704323,213.914572,194.91400000000002,182.4905,79.40403043074478,6.88596353034643,5.167403547702117,1.7185599826443134,209.77850994819582,180.0494900518042,15.252377918667518,12205474,14.611310256273075
2024-06-14 04:00:00+00:00,212.57,215.08,211.34,9849,213.765,1048695,212.656188,196.046,183.3647,75.9230012728815,7.353896015107495,5.604702041183193,1.7491939739243012,212.5749677838639,179.51703221613607,16.862336169943706,11156779,11.878947368421048
2024-06-17 04:00:00+00:00,216.67,218.93,212.81,16841,213.275,1856996,216.568855,197.38625000000002,184.30450000000002,78.45099989584796,7.9637702294917005,6.0765156788448955,1.887254550646805,215.91867074716663,178.8538292528334,18.77782342707925,13013775,13.97685428721725
2024-06-18 04:00:00+00:00,214.38,218.61,213.0,11778,217.63,1240896,215.160912,198.553,185.22129999999999,73.79071455966888,8.16815862845948,6.494844268767813,1.673314359691667,218.2436224888908,178.8623775111092,19.834122364195753,11772879,12.612281346850866
2024-06-20 04:00:00+00:00,209.55,214.22,208.87,9832,213.995,887236,211.026032,199.412,186.0183,65.01782265492537,7.849908415360602,6.7658570980863715,1.0840513172742305,219.44472308000118,179.37927691999883,20.09179295127793,10885643,9.55144291091594
2024-06-21 04:00:00+00:00,207.215,211.85,207.215,13057,210.39,1486160,209.73777,200.22650000000002,186.80800000000002,61.228027235268335,7.32484162828473,6.877654004126043,0.44718762415868696,220.1369967542252,180.31600324577482,19.887973624095903,9399483,7.750506993916073
2024-06-24 04:00:00+00:00,208.29,212.65,206.65,8182,207.7,693762,209.226893,201.2955,187.47299999999998,62.317044013292765,6.915745522988431,6.885272307898521,0.03047321508990919,220.51515163576101,182.075848364239,19.095957570597466,10093245,7.371513995566772
2024-06-25 04:00:00+00:00,209.17,211.335,208.635,6519,209.125,468769,209.925963,202.254,188.12399999999997,63.22758135029008,6.586616146782063,6.825541075675231,-0.23892492889316763,221.03175295396153,183.47624704603845,18.568486115440525,10562014,7.647573465081563
2024-06-26 04:00:00+00:00,213.17,214.825,210.69,8752,211.48,895570,213.002481,203.40749999999997,188.9328,67.11701232163313,6.572778417312321,6.77498854400265,-0.20221012669032845,221.88910233854224,184.9258976614577,18.171996940665686,11457584,8.832388829325565
2024-06-27 04:00:00+00:00,214.11,215.7,212.395,8768,214.74,760763,213.921155,204.59449999999998,189.8282,67.97427782843776,6.562019188613078,6.732394672924736,-0.1703754843116574,222.61801710959907,186.5709828904009,17.618769917665514,12218347,10.11906292591355
2024-06-28 04:00:00+00:00,210.61,216.045,210.31,12229,215.83,1405664,213.616389,205.561,190.68019999999996,61.54098396397647,6.199606468821827,6.625837032104155,-0.4262305632823278,222.67510955907468,188.44689044092533,16.651125027680035,10812683,6.973791141812281
2024-07-01 04:00:00+00:00,216.7,217.505,211.95,9579,212.16,849200,215.364875,206.78050000000002,191.6736,67.33415800892388,6.330826059084245,6.566834837500173,-0.23600877841592816,223.41304908304832,190.14795091695171,16.08715433326479,11661883,12.192596427646897
2024-07-02 04:00:00+00:00,220.35,220.35,215.14,6456,216.16,611120,218.843448,208.0985,192.7814,70.22867939296057,6.652655355625058,6.5839989411251505,0.06865641449990711,224.64540548108653,191.55159451891348,15.902955072801126,12273003,6.372194062273709
2024-07-03 04:00:00+00:00,221.53,221.53,219.045,6229,219.93,568282,220.442743,209.4595,193.89379999999997,71.11964165490343,6.923118133762472,6.6518227796526155,0.2712953541098564,225.72133535152201,193.19766464847797,15.527426878725507,12841285,3.9217525918281253
2024-07-05 04:00:00+00:00,226.35,226.445,221.68,9109,221.705,762352,224.833265,210.9835,195.0846,74.47935736414149,7.440624662117841,6.809583156145662,0.6310415059721795,227.57506053540507,194.3919394645949,15.727827565098767,13603637,5.662403136961999
2024-07-08 04:00:00+00:00,227.81,227.84,223.27,7755,227.125,624992,226.115526,212.65225,196.2593,75.41241056270236,7.877752287899199,7.023216982496369,0.8545353054028295,228.96165295504443,196.3428470449556,15.339036342238954,14228629,7.1694030201815915
2024-07-09 04:00:00+00:00,228.69,229.38,226.38,6075,228.23,514553,228.188247,214.24275000000003,197.4343,75.98238987148468,8.200655672338712,7.258704720464838,0.9419509518738742,230.2916432562346,198.19385674376545,14.981970924322596,14743182,5.54760695989293
2024-07-10 04:00:00+00:00,232.93,233.06,229.31,12145,229.38,1112322,231.519155,216.23175,198.7091,78.56115818576858,8.698421507186339,7.546648077809138,1.1517734293772008,231.15168072202457,201.31181927797545,13.799944478111618,15855504,8.65285940852692
2024-07-11 04:00:00+00:00,227.66,232.3,225.78,10931,231.425,812486,228.72584,217.25725000000003,199.7927,68.6892570855133,8.568882813609008,7.751095024969112,0.8177877886398957,232.35768293253585,202.1568170674642,13.900970331287747,15043018,8.642328799809107
2024-07-12 04:00:00+00:00,230.27,232.61,228.685,8833,229.03,753812,231.180272,218.11225,200.9971,70.65591178186654,8.577946426178215,7.916465305210933,0.6614811209672826,234.10050146005693,202.12399853994305,14.660571756109016,15796830,11.126125039210486
2024-07-15 04:00:00+00:00,234.43,237.16,233.115,7583,236.63,582872,235.162714,219.12275,202.2989,73.51170199940255,8.819145023761791,8.097001248921105,0.7221437748406867,236.49409464427015,201.75140535572984,15.855354721744003,16379702,12.549810360555004
2024-07-16 04:00:00+00:00,234.83,236.25,232.38,6294,235.205,488572,234.225632,220.23575,203.5329,73.77597715705015,8.939524038691758,8.265505806875236,0.6740182318165218,238.60867499168307,201.86282500831692,16.684779824967634,16868274,12.267533585122163
2024-07-17 04:00:00+00:00,228.96,231.35,226.685,9907,229.46,845050,228.899229,220.85025000000002,204.4449,63.727665639106725,8.463701055646084,8.305144856629406,0.15855619901667772,239.52465828379883,202.1758417162012,16.911376178020003,16023224,7.407233663273454
2024-07-18 04:00:00+00:00,224.21,230.29,222.45,8682,230.29,694929,225.130049,221.34175,205.29670000000002,56.96627352484425,7.61553545860869,8.167222977025263,-0.551687518416573,239.82558057566837,202.8579194243316,16.701621429909522,15328295,4.717201438512911
2024-07-19 04:00:00+00:00,224.44,226.77,223.31,4403,224.88,434480,224.74987,222.08625,206.13850000000002,57.20305069965955,6.8825791024271155,7.910294202105634,-1.0277150996785185,239.7934696787077,204.3790303212923,15.946254825508287,15762775,6.566639760695116
2024-07-22 04:00:00+00:00,224.16,227.77,223.18,5263,227.335,472525,225.339047,222.9335,206.96710000000002,56.79337197339911,6.207555414792807,7.569746444643069,-1.362191029850262,239.28292112125115,206.58407887874887,14.667531906376691,15290250,3.4425473004153244
2024-07-23 04:00:00+00:00,224.92,226.925,222.68,7179,224.365,465219,225.133771,223.76500000000001,207.7731,57.67933770009419,5.668576110637218,7.1895123778419,-1.5209362672046813,238.6794500401461,208.85054995985394,13.33045832918113,15755469,2.0739732244156994
2024-07-24 04:00:00+00:00,218.585,224.765,217.165,13651,224.115,1005989,218.912417,224.23575,208.4846,48.71275514278386,4.676343594724614,6.686878621218443,-2.0105350264938293,237.81212922091208,210.6593707790879,12.109022955449422,14749480,-1.3293910531304984
2024-07-25 04:00:00+00:00,217.42,220.81,214.64,7440,218.88,642703,218.018176,224.44825,209.1074,47.25781764121839,3.752727309098219,6.100048358794399,-2.3473210496961796,237.4458718113166,211.4506281886834,11.581842862500915,14106777,-3.9452175833885605
2024-07-26 04:00:00+00:00,218.03,219.48,216.04,7218,218.94,661067,217.760339,224.64425,209.7204,48.13138201528465,3.0349911615664382,5.487036919348807,-2.4520457577823684,237.1201232259515,212.1683767740485,11.107226849520064,14767844,-4.29305122689961
2024-07-29 04:00:00+00:00,218.185,219.28,215.79,5090,217.375,381966,218.227041,225.023,210.2895,48.36540801777778,2.450440149550758,4.879717565389197,-2.429277415838439,236.15969403368942,213.88630596631057,9.898271762166022,15149810,-4.593554593554591
2024-07-30 04:00:00+00:00,218.68,220.27,216.12,7035,219.3,559407,218.264206,225.12199999999999,210.86450000000002,49.15439715289971,2.004020523047899,4.304578156920938,-2.300557633873039,235.99301715572253,214.25098284427744,9.657889638260626,15709217,-6.1177177692869105
2024-07-31 04:00:00+00:00,222.18,223.81,220.91,6088,221.52,549326,222.356755,225.2135,211.51080000000002,54.45383296766805,1.9106259948983393,3.8257877245164185,-1.9151617296180792,235.9523174861115,214.47468251388852,9.536566401313852,16258543,-2.407098304489146
2024-08-01 04:00:00+00:00,218.51,224.4,217.03,14017,224.34,1321543,219.612903,225.0625,212.06009999999998,48.719749794374344,1.5229165954091286,3.3652134986949607,-1.842296903285832,236.08541907799443,214.03958092200557,9.79542933895645,14937000,-5.107048247709219
2024-08-02 04:00:00+00:00,219.81,225.57,217.77,22071,219.06,2263645,222.368742,224.7355,212.6089,50.70010677414811,1.3055041987106222,2.9532716386980935,-1.6477674399874713,235.97219208441763,213.49880791558238,9.999926210516474,17200645,-6.236403190717913
2024-08-05 04:00:00+00:00,209.23,213.45,196.0,26570,199.16,2582819,207.884633,223.80649999999997,212.975,37.87914700863835,0.27630070615526847,2.4178774521895283,-2.14157674603426,236.80668003721536,210.80631996278458,11.617339118582693,14617826,-10.901503215091777
2024-08-06 04:00:00+00:00,207.14,209.98,201.1,15688,205.38,1429961,206.723453,222.72899999999998,213.37959999999998,35.945397333690934,-0.6999276792502656,1.7943164259015698,-2.4942441051518354,237.39683508224758,208.0611649177524,13.171015074146245,13187865,-9.530048916841379
2024-08-07 04:00:00+00:00,209.81,213.625,206.45,8202,206.9,724474,211.291037,221.573,213.7758,40.14899524189173,-1.2438111415566198,1.1866909124099319,-2.430502053966552,236.48501106491048,206.66098893508953,13.46013373913832,13912339,-6.422550287676734
2024-08-08 04:00:00+00:00,213.35,214.2,208.91,10071,213.09,838953,212.6759,220.8575,214.24079999999998,45.27666520764468,-1.3733630149697547,0.6746801269339946,-2.048043141903749,235.90520896183244,205.80979103816753,13.626622561454745,14751292,-4.941186954197114
2024-08-09 04:00:00+00:00,216.16,216.74,211.99,10668,212.06,911230,215.063684,220.152,214.7566,49.010996828155996,-1.2350533657638323,0.2927334283944292,-1.5277867941582615,234.68255036810416,205.6214496318958,13.200470918369284,15662522,-3.5688793718772307
2024-08-12 04:00:00+00:00,217.6,219.5,215.63,7383,216.07,564185,217.557576,219.3105,215.283,50.86155438393036,-0.9977446278872719,0.034637817138088944,-1.032382445025361,232.30414032902294,206.31685967097704,11.84953782789511,16226707,-3.254490485505955
2024-08-13 04:00:00+00:00,221.21,221.87,219.185,7359,219.185,589109,220.938714,218.6295,215.86100000000002,55.2466679404868,-0.5124714614268555,-0.07478403857489994,-0.43768742285195555,229.56249085337637,207.69650914662364,10.001386686953378,16815816,1.2009058261088363
2024-08-14 04:00:00+00:00,221.63,223.0,219.7,7084,220.51,620996,221.481998,218.263,216.4138,55.741528242016905,-0.09292728301568332,-0.07841268746305662,-0.0145145955526267,228.23544974918457,208.29055025081544,9.138012168058317,17436812,1.9363444025388685
2024-08-15 04:00:00+00:00,224.69,225.35,222.8,8952,224.6,720255,224.54636,218.28699999999998,217.0214,59.27480181813647,0.4809369853465455,0.033457247098863815,0.44747973824768167,228.31871740032636,208.2552825996736,9.191309972949728,18157067,3.0546255102508812
2024-08-16 04:00:00+00:00,226.06,226.8,223.67,6508,223.98,459595,225.387631,218.368,217.6252,60.78427340283683,1.0343527285323262,0.23363634338555628,0.8007163851467699,228.6208597961745,208.1151402038255,9.39044163629699,18616662,3.6093223640488574
2024-08-19 04:00:00+00:00,225.82,225.93,223.07,7494,225.57,637982,224.534087,218.45099999999996,218.25289999999998,60.3621863263241,1.4370077668855004,0.47431062808554514,0.9626971387999552,228.91477494024076,207.98722505975917,9.579974401802508,17978680,3.2650448143405826
2024-08-20 04:00:00+00:00,226.53,227.165,225.515,7091,225.83,518769,226.51804,218.53149999999997,218.8459,61.22011103732066,1.7927402582803325,0.7379965541245026,1.0547437041558299,229.2155592005104,207.84744079948953,9.77804957226801,18497449,1.9578719956791766
2024-08-21 04:00:00+00:00,226.32,227.97,225.24,6637,226.58,576993,226.395561,218.91825,219.5093,60.80093603064268,2.034265825518105,0.9972504084032231,1.037015417114882,230.1290658824419,207.7074341175581,10.242011237018286,17920456,3.574207130108463
2024-08-22 04:00:00+00:00,224.7,228.32,223.91,10006,227.59,750261,225.711204,219.28224999999998,219.86030000000002,57.52854595105595,2.071081972778245,1.2120167212782276,0.8590652515000174,230.74476214830375,207.8197378516962,10.454573635854041,17170195,2.2246485601200976
2024-08-23 04:00:00+00:00,226.8,228.22,224.36,8600,225.96,746287,226.607476,219.72075,220.1329,60.49664091594771,2.243845826354942,1.4183825422935705,0.8254632840613716,231.62073919117208,207.82076080882794,10.83192114642979,17916482,8.397457343593185
2024-08-26 04:00:00+00:00,227.24,227.27,223.93,8641,226.745,537463,225.698481,220.17350000000002,220.39329999999998,61.10989137751625,2.3887309443839513,1.6124522227116467,0.7762787216723046,232.48714815966463,207.8598518403354,11.185404383056643,18453945,9.703582118374058
2024-08-27 04:00:00+00:00,228.13,228.845,224.93,7427,225.995,580021,227.709967,220.64600000000002,220.7045,62.38199256699363,2.5460200716786403,1.7991657925050455,0.7468542791735948,233.41110775512735,207.88089224487268,11.570667725793653,19033966,8.731709642057096
2024-08-28 04:00:00+00:00,226.395,229.85,225.74,8964,228.025,666448,227.60622,220.85674999999998,220.89899999999997,58.37340231994386,2.5018332617621866,1.9396992863564737,0.5621339754057129,233.853283489743,207.86021651025695,11.769197445623039,18367518,6.1143660651511675
2024-08-29 04:00:00+00:00,229.83,232.92,228.89,13092,230.1,962928,231.297605,221.42275000000004,221.20800000000003,63.389337914826235,2.7127201398987495,2.094303457064929,0.6184166828338205,234.93684836985113,207.90865163014894,12.206603314113925,19330446,6.324019245003708
2024-08-30 04:00:00+00:00,228.88,230.38,227.5,9799,230.23,732245,228.697243,221.87624999999997,221.59459999999999,61.193170037209455,2.7712472365595886,2.2296922129638608,0.5415550235957278,235.74744781237408,208.00505218762586,12.503544486959834,18598201,5.183823529411765
2024-09-03 04:00:00+00:00,222.72,229.0,221.24,12525,228.59,893528,223.596085,222.55075000000002,221.90469999999996,49.2726096040881,2.2941246229854926,2.242578694968187,0.05154592801730562,235.15024136870267,209.95125863129738,11.322802883120046,17704673,0.6826092852945124
2024-09-04 04:00:00+00:00,220.73,221.75,217.49,13621,221.72,1276056,219.615737,223.23025,222.1535,46.14525033294548,1.7354203004076396,2.1411470160560775,-0.4057267156484379,233.7214408165857,212.73905918341433,9.399434724089307,16428617,-0.40608220908722
2024-09-05 04:00:00+00:00,222.29,225.47,221.64,8511,221.64,666252,223.228101,223.85425,222.4159,48.88419717316987,1.4023565684688037,1.9933889265386227,-0.5910323580698189,232.37855482502897,215.32994517497104,7.615941913123351,17094869,-1.0681383239129494
2024-09-06 04:00:00+00:00,220.95,225.23,219.83,12497,223.94,1049899,222.140792,224.23425000000003,222.57150000000001,46.687717843433155,1.018533341810496,1.7984178095929975,-0.7798844677825014,231.42488646348588,217.0436135365142,6.413504148885234,16044970,-2.260461824294441
2024-09-09 04:00:00+00:00,220.95,221.24,216.72,19385,221.03,1606171,219.101326,224.47375000000002,222.70829999999998,46.687717843433155,0.7062099210177166,1.5799762318779413,-0.8737663108602247,230.84512102592623,218.10237897407382,5.676718124882048,17651141,-2.1565848906208505
2024-09-10 04:00:00+00:00,220.1,221.455,216.78,11418,218.86,957648,219.375388,224.59875000000002,222.8981,45.19381907164105,0.3856578401000945,1.341112553522372,-0.9554547134222775,230.50705929708425,218.6904407029158,5.261212982783056,16693493,-2.8384761400256067
2024-09-11 04:00:00+00:00,222.56,223.07,217.91,10217,221.29,844135,220.808316,224.66625,223.0153,50.16389976638659,0.32635740245694933,1.1381615233092874,-0.8118041208523381,230.44763986317406,218.88486013682592,5.146647405361571,17537628,-1.6613644397313498
2024-09-12 04:00:00+00:00,222.85,223.535,219.84,8534,222.39,677459,222.269937,224.72725,223.06529999999998,50.731123162890384,0.29931167607037423,0.9703915538615048,-0.6710798777911305,230.40400741511047,219.05049258488953,5.0521308965516845,18215087,-0.8233199821984843
2024-09-13 04:00:00+00:00,222.42,224.0,222.0,7783,223.79,637521,222.949301,224.61375000000004,223.0831,49.82556272918547,0.24040905082648578,0.824395053254501,-0.5839860024280152,230.37902958992558,218.8484704100745,5.133505486574656,17577566,-1.9312169312169416
2024-09-16 04:00:00+00:00,216.46,217.2,213.94,15791,216.6,1439907,215.759954,224.13375000000002,222.88530000000003,39.3428960954249,-0.28392102935976027,0.6027318367316488,-0.886652866091409,230.8564911633955,217.41100883660454,5.998865555406522,16137659,-4.743883119169161
2024-09-17 04:00:00+00:00,216.85,216.895,214.5,10436,215.75,949661,216.089835,223.68525,222.66609999999997,40.22905723073197,-0.6603742713363374,0.3501106151180515,-1.010484886454389,231.06309214726855,216.30740785273144,6.596628206167865,17087320,-4.9445491605663445
2024-09-18 04:00:00+00:00,220.83,222.63,217.55,13529,217.55,1204282,220.486185,223.40025,222.50889999999998,48.498135923714536,-0.6302977598212749,0.15402894013018628,-0.7843266999514612,230.75685415885022,216.04364584114978,6.586030372705687,18291602,-2.4580931557675734
2024-09-19 04:00:00+00:00,228.905,229.795,224.65,20717,225.095,2617911,228.67998,223.5295,222.4284,60.45257857735987,0.04460888321554535,0.13214492874725808,-0.08753604553171274,231.17203027472004,215.88696972527998,6.838050704466328,20909513,-0.4024713918983646
2024-09-20 04:00:00+00:00,228.535,233.075,227.68,27153,229.98,3617727,230.841028,223.72125,222.4459,59.76800673252908,0.5433578612846759,0.21438751525474165,0.32897034602993425,231.65838983434915,215.78411016565084,7.095561851499715,17291786,-0.15073400908773107
2024-09-23 04:00:00+00:00,226.49,229.44,225.85,13830,227.18,1013326,227.116283,223.70575,222.3703,55.99384289321947,0.7647895921219288,0.32446793062817914,0.4403216614937496,231.61995765143374,215.79154234856625,7.075551389656942,16278460,1.6927083333333381
2024-09-24 04:00:00+00:00,227.46,229.34,225.75,9408,228.645,716012,227.121693,223.71675,222.2309,57.368964064236415,1.0069393573975844,0.4609622159820602,0.5459771414155242,231.65116193473165,215.78233806526833,7.093265868319342,16994472,3.048973859466325
2024-09-25 04:00:00+00:00,226.36,227.26,224.02,10877,224.99,917606,225.592219,223.62824999999998,222.06149999999997,55.260117596513425,1.0974334543241184,0.5882564636504719,0.5091769906736465,231.40163811265796,215.854861887342,6.952062731482256,16076866,1.8309415628233485
2024-09-26 04:00:00+00:00,227.665,228.45,225.515,10562,227.57,876871,227.232713,223.69175,222.03560000000002,57.2670526233882,1.2599295877643044,0.7225910884732385,0.5373384992910659,231.5744857402118,215.80901425978823,7.047855578233694,16953737,3.039149128762165
2024-09-27 04:00:00+00:00,227.73,229.495,227.3,9674,228.57,718703,228.236908,223.58675,222.106,57.369628472432716,1.3780683864679872,0.8536865480721882,0.524381838395799,231.1906498382417,215.98285016175828,6.801744591968635,17672440,3.068567549219281
2024-09-30 04:00:00+00:00,232.85,233.0,229.68,11761,230.04,929770,231.79214,223.78525,222.27419999999998,64.58157923564309,1.8633558397376362,1.0556204064052779,0.8077354333323583,232.105078408688,215.46542159131198,7.435546720517112,18602210,5.79282144479782
2024-10-01 04:00:00+00:00,226.205,229.58,223.75,16829,229.52,1491424,225.654022,223.95950000000002,222.31509999999997,52.231359764187516,1.6922465129290458,1.1829456277100316,0.5093008852190142,232.32862056311848,215.59037943688156,7.47378036039414,17110786,1.637760603882104
2024-10-02 04:00:00+00:00,226.77,227.35,223.03,8905,226.095,813257,225.932789,224.26149999999998,222.35209999999998,53.053428332573304,1.5839728635727113,1.2631510748825676,0.32082178869014366,232.57842316905788,215.94457683094208,7.417165379753459,17924043,1.759030738164692
2024-10-03 04:00:00+00:00,225.6,226.805,223.33,8995,225.14,790847,224.810223,224.427,222.4924,51.09257525151661,1.3877587751759108,1.2880726149412365,0.09968616023467436,232.71208322227434,216.14191677772564,7.383321277987366,17133196,1.4297275424871896
2024-10-04 04:00:00+00:00,226.69,227.96,224.17,11005,227.92,920089,225.555987,224.714,222.6778,52.841289475562995,1.3051664406750092,1.2914913800879912,0.013675060587017951,232.89443128447468,216.53356871552532,7.280749116187401,18053285,4.7260463827034975
2024-10-07 04:00:00+00:00,221.74,225.68,221.33,9531,224.47,818946,223.854019,224.75349999999997,222.75199999999998,44.976407731867965,0.8307118601894103,1.199335476108275,-0.3686236159188647,232.86821570666598,216.63878429333397,7.22099162563965,17234339,2.2550149873184298
2024-10-08 04:00:00+00:00,225.79,225.97,223.28,9847,224.26,746690,225.083015,225.03799999999995,222.9041,51.35586564801676,0.7725983072711529,1.1139880423408508,-0.34138973506969794,232.87437058848107,217.20162941151884,6.964486520926348,17981029,2.24607163881718
2024-10-09 04:00:00+00:00,229.51,229.745,224.92,8521,225.17,684369,228.283302,225.3855,223.1207,56.360653521386894,1.0150153435058655,1.0941935025738538,-0.07917815906798831,233.36656127028306,217.40443872971696,7.0821426136845975,18665398,0.26430178458311954
2024-10-10 04:00:00+00:00,229.03,229.49,227.17,6658,227.8,455382,228.425597,225.69449999999998,223.25769999999997,55.56623538467666,1.1550854961854498,1.106371901296173,0.048713594889276735,233.73726936135878,217.65173063864117,7.127129248926144,18210016,0.21659702015008842
2024-10-11 04:00:00+00:00,227.51,229.395,227.37,6684,229.395,544805,228.191596,225.94899999999998,223.4377,53.01775386363551,1.1304101400662034,1.1111795490501792,0.0192305910160242,233.88258657859177,218.0154134214082,7.0224577923263976,17665211,0.4503510088745559
2024-10-14 04:00:00+00:00,231.3,231.73,228.65,7979,228.72,691749,230.659248,226.69099999999997,223.6675,58.16938827671738,1.4005316115959658,1.1690499615593366,0.23148165003662924,233.65217490083472,219.72982509916523,6.141553833927901,18356960,1.6882089158533384
2024-10-15 04:00:00+00:00,233.93,237.49,232.4,14301,233.635,1152069,235.047015,227.54500000000002,224.16150000000002,61.33751298723058,1.8060053387306993,1.2964410369936092,0.5095643017370901,233.59911099997447,221.49088900002556,5.321242831065903,19509029,3.344230429404485
2024-10-16 04:00:00+00:00,231.72,232.09,229.85,9252,231.6,717358,230.822274,228.0895,224.65310000000002,57.403230024266605,1.9268066310587244,1.4225141558066325,0.5042924752520919,233.56071732341272,222.61828267658726,4.797430239807383,18791671,1.781125776909058
2024-10-17 04:00:00+00:00,232.17,233.765,230.55,7104,233.46,548744,231.990681,228.25274999999996,225.10029999999998,57.99404999106568,2.035391043782255,1.5450895334017571,0.49030151038049774,233.99946251673606,222.50603748326387,5.035393892722955,19340415,1.949677249374258
2024-10-18 04:00:00+00:00,234.95,236.01,234.04,9851,236.01,849948,235.175112,228.57349999999997,225.5323,61.542782905476436,2.319035343850203,1.6998786954914464,0.6191566483587565,235.0208157980675,222.12618420193243,5.64135019857292,20190363,0.9018681554648892
2024-10-21 04:00:00+00:00,236.48,236.8,234.54,7525,234.785,555366,235.833979,229.073,225.93870000000004,63.37658578607692,2.636887312919413,1.8872804189770398,0.749606893942373,236.2982497534695,221.84775024653052,6.308250866291081,20745729,4.542339912910845
2024-10-22 04:00:00+00:00,235.89,236.18,232.67,6699,233.86,562790,234.461771,229.49450000000002,226.30450000000002,62.14594068532096,2.8088011084816458,2.071584556877961,0.7372165516036846,237.25771640816558,221.73128359183445,6.765492339176374,20182939,4.021695991533261
2024-10-23 04:00:00+00:00,230.675,235.13,227.77,14930,234.1,1283638,230.922008,229.71025,226.49379999999996,52.451007751185834,2.49547087869729,2.156361821241827,0.33910905745546316,237.35191439658342,222.06858560341658,6.6533072830519515,18899301,2.24955673758866
2024-10-24 04:00:00+00:00,230.6,230.815,228.42,9280,229.97,801959,229.872667,229.85700000000003,226.6732,52.324583770931355,2.215562910875377,2.168202039168537,0.047360871706840335,237.4484829908267,222.26551700917335,6.6053963906486866,18097342,1.7248224447483331
2024-10-25 04:00:00+00:00,231.22,233.12,229.6,7913,229.74,613894,231.885184,230.0315,226.80380000000002,53.326115424550515,2.0204719057627756,2.1386560124873846,-0.118184106724609,237.57971442461798,222.483285575382,6.562765903467987,18711236,4.275277351853517
2024-10-28 04:00:00+00:00,233.51,234.71,232.565,7828,233.32,577877,233.755929,230.0645,226.9528,56.92542853393375,2.027275569497789,2.1163799238894656,-0.08910435439167674,237.66728823853532,222.4617117614647,6.609266739140815,19289113,3.4191062491695816
2024-10-29 04:00:00+00:00,233.73,234.325,232.36,7227,233.2,520565,233.592443,230.44074999999998,227.11100000000002,57.26637585945818,2.0270530773300663,2.098514554577586,-0.0714614772475195,237.98688561699035,222.8946143830096,6.549306593552026,19809678,1.8386998387869804
2024-10-30 04:00:00+00:00,230.16,233.22,229.57,12936,232.655,1092531,231.002701,230.61025,227.1836,50.30763811526364,1.7189921153487546,2.02261006673182,-0.30361795138306524,237.9689268341877,223.25157316581232,6.381916531626578,18717147,0.49338514605073375
2024-10-31 04:00:00+00:00,225.73,229.81,225.46,15512,229.24,1473753,227.572394,230.61675,227.1718,43.27959869597296,1.1046538446756813,1.8390188223205923,-0.734364977644911,237.95792175592635,223.27557824407364,6.366555556720275,17243394,-0.7823831919476072
2024-11-01 04:00:00+00:00,222.86,225.33,220.33,15037,220.82,1509039,222.761729,230.42525,227.135,39.43585536544916,0.3818001699924878,1.5475750918549716,-1.1657749218624838,238.34331003702997,222.50718996297005,6.872562826365565,15734355,-3.6489407695633367
2024-11-04 05:00:00+00:00,222.07,222.78,219.73,10069,221.08,765975,221.794262,230.44175,227.0404,38.42426064992488,-0.25190912122647546,1.1876782492386821,-1.4395873704651576,238.28839977872792,222.5951002212721,6.810093898981333,14968380,-5.069892702945332
2024-11-05 05:00:00+00:00,223.48,223.945,221.81,7798,221.81,544210,222.999027,230.32625000000002,226.9652,41.317603081572436,-0.6330556129652223,0.8235314767979014,-1.4565870897631237,238.5043909103788,222.14810908962124,7.101353762655166,15512590,-3.5560158812359783
2024-11-06 05:00:00+00:00,222.59,226.045,221.23,17977,222.6,1776205,224.157896,229.98025,226.8544,40.038733921875604,-0.995457501216805,0.45973368119496016,-1.4551911824117651,238.8255755875638,221.13492441243622,7.6922479974378595,13736385,-4.1262867726235015
2024-11-07 05:00:00+00:00,227.405,227.875,224.61,9162,224.67,750937,226.690966,229.89900000000003,226.87460000000002,49.199824478096104,-0.8839437954171103,0.19099818587254608,-1.0749419812896563,238.80737617077386,220.9906238292262,7.749817242157499,14487322,-3.2113215577782452
2024-11-08 05:00:00+00:00,227.16,228.63,226.405,8993,227.3,619490,227.338315,229.88150000000002,226.82119999999998,48.79134182338164,-0.8060462333755538,-0.008410697977073889,-0.7976355353984799,238.80993216920032,220.9530678307997,7.76785619477888,13867832,-3.9411366711772637
2024-11-11 05:00:00+00:00,224.26,225.68,221.5,14511,224.91,1143417,223.279886,229.5295,226.7288,44.1217453998746,-0.9671686992019772,-0.20016229822205459,-0.7670064009799227,238.7565856178975,220.3024143821025,8.039999754190639,12724415,-4.930264106151171
2024-11-12 05:00:00+00:00,224.26,225.545,223.36,13212,224.575,1003430,224.450431,229.04599999999996,226.75959999999998,44.1217453998746,-1.0823823838328792,-0.3766063153442195,-0.7057760684886597,238.31339801670404,219.77860198329589,8.092171892723801,13727845,-2.780968895632392
2024-11-13 05:00:00+00:00,225.19,226.63,222.79,11701,223.935,936950,224.973263,228.7195,226.84879999999998,46.04237547344431,-1.0861266394972233,-0.5185103801748203,-0.567616259322403,238.0469835298708,219.39201647012922,8.156264358632114,14664795,-2.346053772766694
2024-11-14 05:00:00+00:00,228.3,228.84,225.0,13314,225.0,966299,227.168558,228.526,226.96900000000002,51.98575082111914,-0.8285914934849643,-0.5805266028368491,-0.2480648906481152,237.71872462331004,219.33327537668998,8.045233035462072,15631094,-1.2628665340368428
2024-11-15 05:00:00+00:00,224.95,226.88,224.28,10234,225.92,742110,224.976987,228.026,227.04899999999998,46.09581050732422,-0.8846127723245445,-0.6413438367343882,-0.24326893559015628,236.84700821901959,219.20499178098044,7.736844236200762,14888984,-3.6657958973919755
2024-11-18 05:00:00+00:00,228.16,229.735,225.17,10442,225.3,719007,228.004347,227.60999999999999,227.1932,51.73833883440134,-0.6623546543518444,-0.6455460002578794,-0.016808654093964925,235.53638189844588,219.6836181015541,6.964880188432756,15607991,-2.3830916014204395
2024-11-19 05:00:00+00:00,228.21,230.16,226.73,8190,226.74,632129,228.731541,227.22599999999997,227.3554,51.82293316113849,-0.47668399606152434,-0.6117735994186084,0.1350896033570841,234.19722844267855,220.2547715573214,6.1359425793514655,16240120,-0.8472367049009336
2024-11-20 05:00:00+00:00,229.0,229.92,225.9,7783,228.05,509286,227.6071,227.14225000000002,227.48420000000002,53.218201241089474,-0.26276329231771456,-0.5419715379984297,0.2792082456807151,233.9847835037551,220.29971649624494,6.024888371718672,16749406,1.448633322996505
2024-11-21 05:00:00+00:00,228.48,230.13,225.72,11131,228.785,985294,228.337011,227.03625000000002,227.5968,52.14763666201079,-0.13364862935807764,-0.4603069562703593,0.32665832691228164,233.72519825439775,220.3473017456023,5.892405511805034,15764112,2.521762541505867
2024-11-22 05:00:00+00:00,229.75,230.71,228.175,9155,228.23,827598,229.656916,226.96274999999997,227.7434,54.55227563547147,0.07034318497619552,-0.3541769280210484,0.4245201129972439,233.49670399050302,220.42879600949692,5.757732482976217,16591710,3.458368982753189
2024-11-25 05:00:00+00:00,232.89,233.24,229.74,10483,231.49,860206,231.678886,226.93175000000002,228.07199999999997,59.9155828418193,0.47984853028108887,-0.18737183636062094,0.6672203666417098,233.34594307083992,220.51755692916012,5.652971054812647,17451916,4.210667621263647
2024-11-26 05:00:00+00:00,234.98,235.55,233.43,9245,233.43,693660,234.788591,226.99425000000002,228.43460000000002,63.041889744898064,0.96194133893556,0.04249079869861527,0.9194505402369447,233.6903587767457,220.29814122325433,5.899804754301651,18145576,5.566287793701418
2024-11-27 05:00:00+00:00,234.99,235.62,233.84,6491,234.66,467635,234.748937,227.23575,228.7178,63.056736436656635,1.3294848062410836,0.2998896002071089,1.0295952060339746,234.67796692441243,219.79353307558756,6.550216613725995,18613211,3.335458762999938
2024-11-29 05:00:00+00:00,237.39,237.8,233.97,6693,234.805,549571,236.233616,227.81874999999997,228.8875,66.53169462406484,1.793748379699906,0.5986613561056684,1.1950870235942377,236.4324216184221,219.20507838157783,7.561863646800039,19162782,4.503433703116742
2024-12-02 05:00:00+00:00,239.635,240.76,237.18,9239,237.33,745588,239.570478,228.65749999999997,229.1095,69.4285093965328,2.316134388766528,0.9421559626378404,1.3739784261286878,238.37286129024602,218.94213870975392,8.497741198295312,19908370,6.855881566039419
2024-12-03 05:00:00+00:00,242.65,242.76,238.99,10549,239.9,886105,241.389563,229.68650000000002,229.4327,72.82974260509351,2.939529303120537,1.3416306307343797,1.5978986723861572,240.66975366182592,218.70324633817413,9.563691084870811,20794475,8.2003032194774
2024-12-04 05:00:00+00:00,242.94,244.1,241.26,11042,242.86,760420,242.976694,230.65949999999998,229.7423,73.13929387243593,3.4175791157555295,1.7568203277386099,1.6607587880169197,242.67082253334377,218.6481774666562,10.414765083028263,21554895,7.882232781206981
2024-12-05 05:00:00+00:00,243.07,244.455,242.195,9601,244.06,827553,242.963756,231.68349999999995,230.0765,73.28622174428718,3.763543167070594,2.158164895605007,1.6053782714655873,244.24766734208885,219.11933265791106,10.845975084189332,22382448,6.469557599649575
2024-12-06 05:00:00+00:00,242.69,244.625,242.12,8640,242.96,672959,243.328777,232.44774999999998,230.377,72.0456568263954,3.9613948520944007,2.5188108869028856,1.442583965191515,245.71762131625673,219.17787868374324,11.41750893803596,21709489,7.886196932651705
2024-12-09 05:00:00+00:00,246.89,247.24,241.8,12728,241.865,978692,245.878582,233.43424999999996,230.7602,76.7335496174962,4.406305490194626,2.896309807561234,1.509995682633392,247.86755914066532,219.0009408593346,12.366059514116168,22688181,8.209151472650767
2024-12-10 05:00:00+00:00,247.81,248.205,245.35,10225,246.91,812772,247.035049,234.61174999999997,231.05939999999998,77.61893499997996,4.778058206766644,3.2726594874023163,1.5053987193643281,249.68734129022852,219.53615870977143,12.851522816081076,23500953,8.588580693221152
2024-12-11 05:00:00+00:00,246.455,250.77,246.275,9000,247.96,738775,248.418374,235.72150000000002,231.46439999999998,73.20065403806471,4.906775483775874,3.5994826866770278,1.3072927970988464,250.8531899584949,220.58981004150513,12.838616722271738,22762178,7.622270742358084
2024-12-12 05:00:00+00:00,248.02,248.73,245.75,9600,246.93,622093,247.760777,236.863,231.8894,74.97264054759755,5.07654798874006,3.8948957470896346,1.1816522416504256,252.0887700626279,221.6372299373721,12.856182740763987,23384271,8.552170868347348
2024-12-13 05:00:00+00:00,248.08,249.245,246.25,7516,247.91,639940,247.478336,237.852,232.33899999999997,75.04077846315514,5.156494561133798,4.1472155098984675,1.00927905123533,253.29255743812433,222.41144256187567,12.983332020016086,24024211,7.978237214363444
2024-12-16 05:00:00+00:00,251.03,251.355,247.73,10050,247.955,926663,250.142118,239.156,232.82580000000002,78.18545145763943,5.395694929121646,4.396911393743103,0.9987835353785428,254.42193482234273,223.89006517765728,12.766507904750647,24950874,7.789084975739627
2024-12-17 05:00:00+00:00,253.5,253.8,249.87,15912,250.19,1407054,252.832024,240.423,233.461,80.41090461235788,5.7186502609739875,4.6612591671892805,1.057391093784707,256.0305390116449,224.8154609883551,12.983399268493368,26357928,7.881521831645251
2024-12-18 05:00:00+00:00,247.95,254.265,247.74,16002,252.22,1377103,251.490221,241.41,233.90419999999997,64.49065924183095,5.463773096345761,4.821761953020577,0.6420111433251847,256.2827357940635,226.5372642059365,12.321557345647241,24980825,5.515128303332048
2024-12-19 05:00:00+00:00,249.73,251.84,247.11,16193,247.46,1265123,250.127927,242.44650000000001,234.3086,66.76346466565106,5.343812091621686,4.926171980740799,0.41764011088088715,256.5866485494325,228.30635145056752,11.664551601637871,26245948,5.198197059690806
2024-12-20 05:00:00+00:00,254.6,255.0,246.335,13890,248.175,1193742,252.137407,243.7525,234.82,72.03695088373678,5.5774174344547305,5.0564210714835855,0.5209963629711449,257.3042580040384,230.2007419959616,11.119277138932638,27439690,6.244914140254973
2024-12-23 05:00:00+00:00,254.26,255.615,253.45,3431,254.84,315725,254.578456,244.97799999999998,235.355,71.18772770428164,5.66975874368913,5.1790886059246946,0.49067013776443513,257.64726414595646,232.30873585404348,10.343185221494576,27123965,4.784669276736033
2024-12-24 05:00:00+00:00,258.18,258.19,255.36,5399,255.52,456446,257.205731,246.2425,235.8926,74.86656217846621,5.990199840739564,5.341310852887668,0.6488889878518957,258.8816860893026,233.60331391069744,10.265641462625325,27580411,6.273153865151892
2024-12-26 05:00:00+00:00,259.15,260.1,257.68,6500,258.355,491615,258.976629,247.45099999999996,236.39699999999996,75.69359697499125,6.250372212038457,5.523123124717826,0.7272490873206303,260.17338444632213,234.7286155536778,10.282750480961619,28072026,6.6153782860904204
2024-12-27 05:00:00+00:00,255.635,258.64,253.07,10684,257.93,912043,254.970835,248.48325,236.87529999999998,67.07967182981267,6.102582791124036,5.639015057999069,0.46356773312496635,260.3127543323895,236.65374566761054,9.521369615368018,27159983,5.333965140714489
2024-12-30 05:00:00+00:00,252.15,253.5,250.75,10886,252.085,857519,252.286198,249.22125,237.27489999999997,59.812043235558384,5.639242557745263,5.639060557948309,0.00018199979695410207,259.9839433780547,238.45855662194535,8.637059141670033,26302464,2.130503463080732
2024-12-31 05:00:00+00:00,250.545,253.14,249.45,10159,252.6,803764,250.827361,249.76675,237.5868,56.76193050448544,5.0839276448958515,5.528033975337817,-0.4441063304419659,259.5961199060531,239.93738009394693,7.870839418019483,25498700,1.103668132843705
2025-01-02 05:00:00+00:00,243.82,249.025,241.845,19452,248.93,1720928,244.108677,249.82524999999995,237.73359999999997,46.14390960808918,4.054448124630397,5.233316805196333,-1.1788686805659356,259.4971662915123,240.1533337084876,7.7429453520109455,23777772,-1.0691606987076825
2025-01-03 05:00:00+00:00,243.41,244.165,241.89,12869,243.315,1182159,242.982652,249.84875000000002,237.88400000000001,45.58405453109705,3.1689647611787564,4.820446396392818,-1.6514816352140613,259.4557010642046,240.24179893579543,7.690213430489121,22595613,-1.8587210708813857
2025-01-06 05:00:00+00:00,245.025,247.33,243.88,13645,244.31,970622,245.353308,249.94650000000001,238.17100000000002,48.247628967137544,2.56792833954367,4.369942785022988,-1.802014445479318,259.3123267654288,240.58067323457124,7.494265185092631,23566235,-1.2314575943244142
2025-01-07 05:00:00+00:00,242.26,245.53,241.38,12788,242.77,1048220,243.3609,249.925,238.40420000000003,44.253740472727266,1.847196917014287,3.865393611421248,-2.018196694406961,259.3590850112781,240.49091498872193,7.549532868883145,22518015,-3.4936063418714935
2025-01-08 05:00:00+00:00,242.63,243.67,240.16,12123,241.97,868980,242.059482,249.71200000000005,238.6324,44.91090912230089,1.2909862934711214,3.350512147831223,-2.0595258543601016,259.5923665923903,239.83163340760976,7.913409521681195,23386995,-4.287968441814598
2025-01-10 05:00:00+00:00,236.76,240.13,233.005,19127,240.025,1713784,236.259838,249.15949999999998,238.69740000000002,37.38181755635724,0.37223453663850137,2.7548566255926787,-2.3826220889541774,260.52734759750155,237.79165240249844,9.124956180680691,21673211,-4.5130066545674525
2025-01-13 05:00:00+00:00,234.41,234.67,229.72,15685,233.52,1352710,231.803254,248.55725,238.71099999999998,34.862062886407216,-0.5392915923515886,2.096026982003825,-2.6353185743554137,261.58889704670986,235.5256029532902,10.485831370205323,20320501,-6.134625395427059
2025-01-14 05:00:00+00:00,233.345,236.1,232.48,12089,234.76,1051611,234.006789,247.82349999999997,238.77469999999997,33.75171240328676,-1.3322617322457972,1.4103692391539007,-2.7426309713996977,262.4486513154572,233.19834868454274,11.802876898645392,19268890,-8.3483896307934
2025-01-15 05:00:00+00:00,238.04,238.52,234.445,4198,234.755,474923,237.71244,247.32149999999996,239.0209,42.45329310445127,-1.563822249459264,0.8155309414312678,-2.379353190890532,262.5536124930201,232.08938750697982,12.317661418857767,19743813,-6.3792967828207345
